TEST_GROUP,TEST_ITEM,CONDITIONAL_ITEM,DESCRIPTION,FUNCTION,PARAMETER,PDCA_NAME,COMBINEC,GLOBAL_VARIABLE,EXPECTED_VALUE,UNIT,PDCA_TYPE,TIMEOUT,ERROR_MSG,QT1_GRAPECOEX,QT1_GRAPECOEX_REL,NOTES,,,,,,,,,,,
FIXTURE,FIXTURE_SETUP,,Disable SPAM Debug Power,SPAM,./spamtool dbgpwroff /dev/cu.usbserial*,,,,,,,,,TRUE,TRUE,,,,,,,,,,,,
INIT,CONSOLE_SETTING,,Disable consoleformat color,DIAGS,consoleformat --sink serial --dis --o color,,,,,,,,,TRUE,TRUE,,,,,,,,,,,,
START_CB,START_CONTROLBIT,,Write Control Bit Information (station specific command),FIXTURE,(station specific command),,,,,,,,,FALSE,FALSE,,,,,,,,,,,,
START_CB,START_CONTROLBIT,,Read Control Bit Information (station specific command),FIXTURE,(station specific command),,,,,,,,,FALSE,FALSE,,,,,,,,,,,,
INIT,SPAM_SETTING,,Turn off Spam device,DIAGS,device -k Spam -e init;device -k Spam -e stop,,,,,,,,,TRUE,TRUE,,,,,,,,,,,,
INIT,GET_SW_INFO,,Read EFI Diags Version,DIAGS,version,,GET_DUT_INFO_COMBINE,,,,,,,TRUE,TRUE,,,,,,,,,,,,
INIT,GET_SW_INFO,,Parse EFI Diags Version,PARSE,DIAGS_VERSION,DIAGS_VERSION,GET_DUT_INFO_COMBINE,DIAGS_VERSION,,,ATTRIBUTE,,,TRUE,TRUE,,,,,,,,,,,,
INIT,GET_SW_INFO,,Parse EFI Diags Build Date,PARSE,DIAGS_BUILD_TIMESTAMP,DIAGS_BUILD_TIMESTAMP,GET_DUT_INFO_COMBINE,DIAGS_BUILD_TIMESTAMP,,,ATTRIBUTE,,,TRUE,TRUE,,,,,,,,,,,,
INIT,GET_MLB_INFO,,Read MLB Serial Number,DIAGS,syscfg print MLB#,,GET_DUT_INFO_COMBINE,,,,,,,TRUE,TRUE,,,,,,,,,,,,
INIT,GET_MLB_INFO,,Parse MLB Serial Number,PARSE,MLB_SN,MLBSN,GET_DUT_INFO_COMBINE,,,,ATTRIBUTE,,,TRUE,TRUE,,,,,,,,,,,,
INIT,GET_MLB_INFO,,Read MLB Board REV,DIAGS,boardrev,,GET_DUT_INFO_COMBINE,,,,,,,TRUE,TRUE,,,,,,,,,,,,
INIT,GET_MLB_INFO,,Parse MLB Board REV,PARSE,BOARD_REV,BOARD_REV,GET_DUT_INFO_COMBINE,BOARD_REV,,,ATTRIBUTE,,,TRUE,TRUE,,,,,,,,,,,,
INIT,GET_MLB_INFO,,Read MLB Board ID,DIAGS,boardid,,GET_DUT_INFO_COMBINE,,,,,,,TRUE,TRUE,,,,,,,,,,,,
INIT,GET_MLB_INFO,,Parse MLBBoard ID,PARSE,BOARD_ID,BOARD_ID,GET_DUT_INFO_COMBINE,BOARD_ID,,,ATTRIBUTE,,,TRUE,TRUE,,,,,,,,,,,,
INIT,GET_INFO,BOARD_ID==0x28,Set DUT type -N140S,SetGLOBAL,N140S,,,DUT_TYPE,,,,,,TRUE,TRUE,,,,,,,,,,,,
INIT,GET_INFO,BOARD_ID==0x2A,Set DUT type -N140B,SetGLOBAL,N140B,,,DUT_TYPE,,,,,,TRUE,TRUE,,,,,,,,,,,,
INIT,GET_INFO,BOARD_ID==0x2C,Set DUT type -N142S,SetGLOBAL,N142S,,,DUT_TYPE,,,,,,TRUE,TRUE,,,,,,,,,,,,
INIT,GET_INFO,BOARD_ID==0x2E,Set DUT type -N142B,SetGLOBAL,N142B,,,DUT_TYPE,,,,,,TRUE,TRUE,,,,,,,,,,,,
INIT,GET_INFO,BOARD_ID==0x29,Set for DEV BOARD,SetGLOBAL,N140_DEVS,,,DUT_TYPE,,,,,,TRUE,TRUE,,,,,,,,,,,,
INIT,GET_INFO,BOARD_ID==0x2B,Set for DEV BOARD,SetGLOBAL,N140_DEVB,,,DUT_TYPE,,,,,,TRUE,TRUE,,,,,,,,,,,,
INIT,GET_INFO,BOARD_ID==0x2D,Set for DEV BOARD,SetGLOBAL,N142_DEVS,,,DUT_TYPE,,,,,,TRUE,TRUE,,,,,,,,,,,,
INIT,GET_INFO,BOARD_ID==0x2F,Set for DEV BOARD,SetGLOBAL,N142_DEVB,,,DUT_TYPE,,,,,,TRUE,TRUE,,,,,,,,,,,,
INIT,GET_MLB_INFO,,Read MLB CFG,DIAGS,syscfg print CFG#,,,,,,,,,TRUE,TRUE,,,,,,,,,,,,
INIT,GET_MLB_INFO,,Parse MLB CFG,PARSE,MLB_CFG,MLB_CFG_INITIAL,,MLB_CFG,,,,,,TRUE,TRUE,,,,,,,,,,,,
INIT,GET_SYS_INFO,,Read Unit Serial Number,DIAGS,syscfg print SrNm,,,,,,,,,TRUE,TRUE,,,,,,,,,,,,
INIT,GET_SYS_INFO,,Parse Unit Serial Number,PARSE,SrNm,UNIT_SN,,UNIT_SN,,,ATTRIBUTE,,,TRUE,TRUE,,,,,,,,,,,,
INIT,QUERY_SFC_WRITE_SYSCFG,,The middle of SN#,PARSESN,,,,,,,,,,TRUE,TRUE,,,,,,,,,,,,
POWER,QUIESCE_SYSTEM,,Turn OFF General Modules (Codec),DIAGS,audio -r;audio -f,,,,,,,10,,TRUE,TRUE,,,,,,,,,,,,
POWER,QUIESCE_SYSTEM,,Turn OFF General Modules (socpdm),DIAGS,audio -f socpdm;,,,,,,,,,TRUE,TRUE,,,,,,,,,,,,
POWER,QUIESCE_SYSTEM,,"Turn OFF Sensors (accel,gyro)",DIAGS,"sensor --sel accel,gyro --turnoff",,,,,,,,,TRUE,TRUE,,,,,,,,,,,,
POWER,QUIESCE_SYSTEM,,Turn OFF Sensors (lisa),DIAGS,sensor --sel lisa --turnoff,,,,,,,,,TRUE,TRUE,,,,,,,,,,,,
POWER,QUIESCE_SYSTEM,,Turn OFF Sensors (platinum),DIAGS,sensor --sel platinum --turnoff,,,,,,,,,TRUE,TRUE,,,,,,,,,,,,
POWER,QUIESCE_SYSTEM,,Turn OFF Sensors (Potassium),DIAGS,sensor --sel pressure2 --turnoff,,,,,,,,,TRUE,TRUE,,,,,,,,,,,,
POWER,QUIESCE_SYSTEM,,Configure buck8 sw8 to 0.7V,DIAGS,pmurw -w 0x2001 0x78;pmuset --switch buck8 8 --on,,,,,,,,,TRUE,TRUE,,,,,,,,,,,,
POWER,QUIESCE_SYSTEM,,clear the debug interrupt,DIAGS,tristar -r '0x0d',,,,,,,,,TRUE,TRUE,,,,,,,,,,,,
POWER,QUIESCE_SYSTEM,,Manually Turn OFF Display Rails for Good Measure (in case display not connected),DIAGS,pmuset --switch buck3 3b --off; pmuset --switch buck2 2a --off; pmuset --ldo 5 --off; pmugpio --pin 12 --output 0,Manually Turn OFF Display Rails ,,,,,,10,,TRUE,TRUE,,,,,,,,,,,,
POWER,QUIESCE_SYSTEM,,Set Charge to 50,DIAGS,charge --set 50,,,,,,,,,TRUE,TRUE,,,,,,,,,,,,
POWER,INIT_GG_READ,,Read Battery Gasgauge,DIAGS,device -k gasgauge -p,,,,,,,,,TRUE,TRUE,,,,,,,,,,,,
POWER,INIT_GG_READ,,Parse Gasgauge Chage-Percentage,PARSE,GG_CHARGE_PERCENTAGE,INIT_GG_CHARGE_PERCENTAGE,,,[10:100],,KEY,,,TRUE,TRUE,,,,,,,,,,,,
POWER,INIT_GG_READ,,Parse Gasgauge Type,PARSE,GG_TYPE,INIT_GG_TYPE,,,"""GasGauge""",,ATTRIBUTE,,,TRUE,TRUE,,,,,,,,,,,,
POWER,INIT_GG_READ,DUT_TYPE==B,Parse Gasgauge Model,PARSE,GG_MODEL,INIT_GG_MODEL,,,<BQ27546>,,ATTRIBUTE,,,TRUE,TRUE,,,,,,,,,,,,
POWER,INIT_GG_READ,DUT_TYPE==S,Parse Gasgauge Model,PARSE,GG_MODEL,INIT_GG_MODEL,,,<BQ27744>,,ATTRIBUTE,,,TRUE,TRUE,,,,,,,,,,,,
POWER,INIT_GG_READ,DUT_TYPE==B,Parse Gasgauge FW Version,PARSE,GG_FW,INIT_GG_FW,,,<0x610>,,KEY,,,TRUE,TRUE,,,,,,,,,,,,
POWER,INIT_GG_READ,DUT_TYPE==S,Parse Gasgauge FW Version,PARSE,GG_FW,INIT_GG_FW,,,<0x106>,,KEY,,,TRUE,TRUE,,,,,,,,,,,,
POWER,INIT_GG_READ,DUT_TYPE==B,Parse Gasgauge HW Version,PARSE,GG_HW,INIT_GG_HW,,,<0xA8>,,KEY,,,TRUE,TRUE,,,,,,,,,,,,
POWER,INIT_GG_READ,DUT_TYPE==S,Parse Gasgauge HW Version,PARSE,GG_HW,INIT_GG_HW,,,<0xA5>,,KEY,,,TRUE,TRUE,,,,,,,,,,,,
POWER,INIT_GG_READ,,Parse Gasgauge Temperature,PARSE,GG_TEMPERATURE,INIT_GG_TEMPERATURE,,,[15:45],C,KEY,,,TRUE,TRUE,,,,,,,,,,,,
POWER,INIT_GG_READ,DUT_TYPE==B,Parse Gasgauge Voltage,PARSE,GG_VOLTAGE,INIT_GG_VOLTAGE,,,[3000:4360],mV,KEY,,,TRUE,TRUE,,,,,,,,,,,,
POWER,INIT_GG_READ,DUT_TYPE==S,Parse Gasgauge Voltage,PARSE,GG_VOLTAGE,INIT_GG_VOLTAGE,,,[3000:4450],mV,KEY,,,TRUE,TRUE,,,,,,,,,,,,
POWER,INIT_GG_READ,DUT_TYPE==S,Parse Gasgauge Remaining Capacity - small,PARSE,GG_REMAINING_CAPACITY,INIT_GG_REMAINING_CAPACITY,,,[16.4:287],mAh,KEY,,,TRUE,TRUE,,,,,,,,,,,,
POWER,INIT_GG_READ,DUT_TYPE==B,Parse Gasgauge Remaining Capacity - big,PARSE,GG_REMAINING_CAPACITY,INIT_GG_REMAINING_CAPACITY,,,[25:330],mAh,KEY,,,TRUE,TRUE,,,,,,,,,,,,
POWER,INIT_GG_READ,DUT_TYPE==S,Parse Gasgauge Nominal Capacity - small,PARSE,GG_NOMINAL_CAPACITY,INIT_GG_NOMINAL_CAPACITY,,,[208:286],mAh,KEY,,,TRUE,TRUE,<rdar://problem/46269441> battery capacity/voltage limit change,,,,,,,,,,,
POWER,INIT_GG_READ,DUT_TYPE==B,Parse Gasgauge Nominal Capacity - big,PARSE,GG_NOMINAL_CAPACITY,INIT_GG_NOMINAL_CAPACITY,,,[252:341],mAh,KEY,,,TRUE,TRUE,<rdar://problem/46269441> battery capacity/voltage limit change,,,,,,,,,,,
POWER,INIT_GG_READ,,Parse Gasgauge Current,PARSE,GG_CURRENT,INIT_GG_CURRENT,,,,mA,KEY,,,TRUE,TRUE,,,,,,,,,,,,
POWER,INIT_GG_READ,,Parse Gasgauge Cycle-Count,PARSE,GG_CYCLE_COUNT,INIT_GG_CYCLE_COUNT,,,[0:10],,KEY,,,TRUE,FALSE,,,,,,,,,,,,
POWER,INIT_GG_READ,DUT_TYPE==S,Parse Gasgauge Chem-ID (small),PARSE,GG_CHEM_ID,INIT_GG_CHEM_ID,,GG_CHEMID,,,KEY,,,TRUE,TRUE,,,,,,,,,,,,
POWER,INIT_GG_READ,DUT_TYPE==B,Parse Gasgauge Chem-ID (large),PARSE,GG_CHEM_ID,INIT_GG_CHEM_ID,,GG_CHEMID,,,KEY,,,TRUE,TRUE,,,,,,,,,,,,
POWER,INIT_SOC_READ,,Read bin voltages from SOC fuses,DIAGS,soc -p get-perf-state,,,,,,,,,TRUE,TRUE,<rdar://problem/48076391>,,,,,,,,,,,
POWER,INIT_SOC_READ,,PARSE buck4_volt_target_perf4,PARSE,DCS_VOLTAGE,,,DCS_VOLTAGE,,mV,KEY,,,TRUE,TRUE,,,,,,,,,,,,
POWER,INIT_SOC_READ,,PARSE buck5_volt_target_perf4,PARSE,SOC_CPU_VOLTAGE,,,SOC_CPU_VOLTAGE,,mV,KEY,,,TRUE,TRUE,,,,,,,,,,,,
POWER,INIT_SOC_READ,,PARSE buck6_volt_target_perf4,PARSE,SRAM_VOLTAGE,,,SRAM_VOLTAGE,,mV,KEY,,,TRUE,TRUE,,,,,,,,,,,,
POWER,INIT_SOC_READ,,PARSE buck7_volt_target_perf4,PARSE,SOC_VOLTAGE,,,SOC_VOLTAGE,,mV,KEY,,,TRUE,TRUE,,,,,,,,,,,,
INIT,GET_COMP_INFO,,Read SOC temperture,DIAGS,temperature --dev soc,,,,,,,,,TRUE,TRUE,,,,,,,,,,,,
INIT,GET_COMP_INFO,,Parse SOC THERMAL0 instant temp,PARSE,SOC_TEMP_INSTANT_0,SOC_TEMP_INSTANT_THERMAL0,,,,,KEY,,,TRUE,TRUE,,,,,,,,,,,,
INIT,GET_COMP_INFO,,Parse SOC THERMAL0 average temp,PARSE,SOC_TEMP_AVERAGE_0,SOC_TEMP_AVERAGE_THERMAL0,,,,,KEY,,,TRUE,TRUE,,,,,,,,,,,,
INIT,GET_COMP_INFO,,Parse SOC THERMAL1 instant temp,PARSE,SOC_TEMP_INSTANT_1,SOC_TEMP_INSTANT_THERMAL1,,,,,KEY,,,TRUE,TRUE,,,,,,,,,,,,
INIT,GET_COMP_INFO,,Parse SOC THERMAL1 average temp,PARSE,SOC_TEMP_AVERAGE_1,SOC_TEMP_AVERAGE_THERMAL1,,,,,KEY,,,TRUE,TRUE,,,,,,,,,,,,
POWER,INIT_PMU_READ,,Read pmureg 0x3011,DIAGS,pmureg -r 0 0x3011,,,,,,,,,TRUE,TRUE,,,,,,,,,,,,
POWER,INIT_PMU_READ,,PARSE PMU_LDO0_VSEL before cal,PARSE,PMU_LDO0_VSEL,BEFORE_CAL_PMU_LDO0_VSEL,,BEFORE_CAL_PMU_LDO0_VSEL,,,,,,TRUE,TRUE,,,,,,,,,,,,
POWER,INIT_PMU_READ,,CAL PMU_LDO0_VSEL,CALCULATE,BEFORE_CAL_PMU_LDO0_VSEL*3.125+300,PMU_LDO0_VSEL,,PMU_LDO0_VSEL,,,KEY,,,TRUE,TRUE,,,,,,,,,,,,
POWER,INIT_PMU_READ,,Reset Grape,DIAGS,pmurw -w 0x192E 0x01,,,,,,,,,TRUE,TRUE,,,,,,,,,,,,
POWER,INIT_PMU_READ,,Read PMU ADC Values,DIAGS,pmuadc --read all,,,,,,,15,,TRUE,TRUE,,,,,,,,,,,,
POWER,INIT_PMU_READ,,Parse value of vddout,PARSE,PMUADC_STAT_VDDOUT,INIT_PMUADC_VDDOUT,,,[3500:4750],mV,KEY,,,TRUE,TRUE,,,,,,,,,,,,
POWER,INIT_PMU_READ,,Parse value of vbat,PARSE,PMUADC_STAT_VBAT,INIT_PMUADC_VBAT,,,[3500:4750],mV,KEY,,,TRUE,TRUE,,,,,,,,,,,,
POWER,INIT_PMU_READ,,Parse value of die_temp,PARSE,PMUADC_STAT_DIE_TEMP,INIT_PMUADC_DIE_TEMP,,,[15:50],C,KEY,,,TRUE,TRUE,,,,,,,,,,,,
POWER,INIT_PMU_READ,,Parse value of tcal,PARSE,PMUADC_STAT_TCAL,INIT_PMUADC_TCAL,,,[60:120],C,KEY,,,TRUE,TRUE,,,,,,,,,,,,
POWER,INIT_PMU_READ,,Parse value of tbat,PARSE,PMUADC_STAT_TBAT,INIT_PMUADC_TBAT,,,[3300:15000],ohm,KEY,,,TRUE,TRUE,,,,,,,,,,,,
POWER,INIT_PMU_READ,,Parse value of temp1,PARSE,PMUADC_STAT_TEMP1,INIT_PMUADC_TEMP1,,,[3300:15000],ohm,KEY,,,TRUE,TRUE,<rdar://problem/47039847>,,,,,,,,,,,
POWER,INIT_PMU_READ,,Parse value of temp2,PARSE,PMUADC_STAT_TEMP2,INIT_PMUADC_TEMP2,,,[3300:15000],ohm,KEY,,,TRUE,TRUE,<rdar://problem/47039847>,,,,,,,,,,,
POWER,INIT_PMU_READ,,Parse value of temp4,PARSE,PMUADC_STAT_TEMP4,INIT_PMUADC_TEMP4,,,[3300:15000],ohm,KEY,,,TRUE,TRUE,<rdar://problem/47039847>,,,,,,,,,,,
POWER,INIT_PMU_READ,,Parse value of temp5,PARSE,PMUADC_STAT_TEMP5,INIT_PMUADC_TEMP5,,,,ohm,KEY,,,TRUE,TRUE,<rdar://problem/47039847>,,,,,,,,,,,
POWER,INIT_PMU_READ,,Parse value of temp_ldo4,PARSE,PMUADC_STAT_TEMP_LDO4,INIT_PMUADC_TEMP_LDO4,,,[15:60],C,KEY,,,TRUE,TRUE,,,,,,,,,,,,
POWER,INIT_PMU_READ,,Parse value of temp_chg,PARSE,PMUADC_STAT_TEMP_CHG,INIT_PMUADC_TEMP_CHG,,,[15:60],C,KEY,,,TRUE,TRUE,,,,,,,,,,,,
POWER,INIT_PMU_READ,,Parse value of temp_buck0,PARSE,PMUADC_STAT_TEMP_BUCK0,INIT_PMUADC_TEMP_BUCK0,,,[15:60],C,KEY,,,TRUE,TRUE,,,,,,,,,,,,
POWER,INIT_PMU_READ,,Parse value of temp_buck1,PARSE,PMUADC_STAT_TEMP_BUCK1,INIT_PMUADC_TEMP_BUCK1,,,[15:60],C,KEY,,,TRUE,TRUE,,,,,,,,,,,,
POWER,INIT_PMU_READ,,Parse value of temp_buck2,PARSE,PMUADC_STAT_TEMP_BUCK2,INIT_PMUADC_TEMP_BUCK2,,,[15:60],C,KEY,,,TRUE,TRUE,,,,,,,,,,,,
POWER,INIT_PMU_READ,,Parse value of temp_buck3,PARSE,PMUADC_STAT_TEMP_BUCK3,INIT_PMUADC_TEMP_BUCK3,,,[15:60],C,KEY,,,TRUE,TRUE,,,,,,,,,,,,
POWER,INIT_PMU_READ,,Parse value of temp_buck4,PARSE,PMUADC_STAT_TEMP_BUCK4,INIT_PMUADC_TEMP_BUCK4,,,[15:60],C,KEY,,,TRUE,TRUE,,,,,,,,,,,,
POWER,INIT_PMU_READ,,Parse value of temp_buck5,PARSE,PMUADC_STAT_TEMP_BUCK5,INIT_PMUADC_TEMP_BUCK5,,,[15:60],C,KEY,,,TRUE,TRUE,,,,,,,,,,,,
POWER,INIT_PMU_READ,,Parse value of temp_buck6,PARSE,PMUADC_STAT_TEMP_BUCK6,INIT_PMUADC_TEMP_BUCK6,,,[15:60],C,KEY,,,TRUE,TRUE,,,,,,,,,,,,
POWER,INIT_PMU_READ,,Parse value of temp_buck7,PARSE,PMUADC_STAT_TEMP_BUCK7,INIT_PMUADC_TEMP_BUCK7,,,[15:60],C,KEY,,,TRUE,TRUE,,,,,,,,,,,,
POWER,INIT_PMU_READ,,Parse value of temp_buck8,PARSE,PMUADC_STAT_TEMP_BUCK8,INIT_PMUADC_TEMP_BUCK8,,,[15:60],C,KEY,,,TRUE,TRUE,,,,,,,,,,,,
POWER,INIT_PMU_READ,,Parse value of temp_buck9,PARSE,PMUADC_STAT_TEMP_BUCK9,INIT_PMUADC_TEMP_BUCK9,,,[15:60],C,KEY,,,TRUE,TRUE,,,,,,,,,,,,
POWER,INIT_PMU_READ,,Parse value of temp_buck10,PARSE,PMUADC_STAT_TEMP_BUCK10,INIT_PMUADC_TEMP_BUCK10,,,[15:60],C,KEY,,,TRUE,TRUE,,,,,,,,,,,,
POWER,INIT_PMU_READ,,Parse value of temp_bubo,PARSE,PMUADC_STAT_TEMP_BUBO,INIT_PMUADC_TEMP_BUBO,,,[15:60],C,KEY,,,TRUE,TRUE,,,,,,,,,,,,
POWER,INIT_PMU_READ,,Parse value of tjint,PARSE,PMUADC_STAT_TJINT,INIT_PMUADC_TJINT,,,[15:50],C,KEY,,,TRUE,TRUE,,,,,,,,,,,,
POWER,INIT_PMU_READ,,Parse value of ibuck0,PARSE,PMUADC_STAT_IBUCK0,INIT_PMUADC_IBUCK0,,,[1:14],mA,KEY,,,TRUE,TRUE,,,,,,,,,,,,
POWER,INIT_PMU_READ,,Parse value of ibuck1,PARSE,PMUADC_STAT_IBUCK1,INIT_PMUADC_IBUCK1,,,[0.2:22],mA,KEY,,,TRUE,TRUE,,,,,,,,,,,,
POWER,INIT_PMU_READ,,Parse value of ibuck2,PARSE,PMUADC_STAT_IBUCK2,INIT_PMUADC_IBUCK2,,,[0.2:10],mA,KEY,,,TRUE,TRUE,,,,,,,,,,,,
POWER,INIT_PMU_READ,,Parse value of ibuck3,PARSE,PMUADC_STAT_IBUCK3,INIT_PMUADC_IBUCK3,,,[0:27],mA,KEY,,,TRUE,TRUE,USI limit set as [0:27]mA Follow USI limit for P1,,,,,,,,,,,
POWER,INIT_PMU_READ,,Parse value of ibuck4,PARSE,PMUADC_STAT_IBUCK4,INIT_PMUADC_IBUCK4,,,[1:6.5],mA,KEY,,,TRUE,TRUE,,,,,,,,,,,,
POWER,INIT_PMU_READ,,Parse value of ibuck5,PARSE,PMUADC_STAT_IBUCK5,INIT_PMUADC_IBUCK5,,,[0:30],mA,KEY,,,TRUE,TRUE,,,,,,,,,,,,
POWER,INIT_PMU_READ,,Parse value of ibuck6,PARSE,PMUADC_STAT_IBUCK6,INIT_PMUADC_IBUCK6,,,[0:10],mA,KEY,,,TRUE,TRUE,,,,,,,,,,,,
POWER,INIT_PMU_READ,,Parse value of ibuck7,PARSE,PMUADC_STAT_IBUCK7,INIT_PMUADC_IBUCK7,,,[0:20],mA,KEY,,,TRUE,TRUE,,,,,,,,,,,,
POWER,INIT_PMU_READ,,Parse value of ibuck8,PARSE,PMUADC_STAT_IBUCK8,INIT_PMUADC_IBUCK8,,,[0:20],mA,KEY,,,TRUE,TRUE,,,,,,,,,,,,
POWER,INIT_PMU_READ,,Parse value of ibuck9,PARSE,PMUADC_STAT_IBUCK9,INIT_PMUADC_IBUCK9,,,[0:5],mA,KEY,,,TRUE,TRUE,,,,,,,,,,,,
POWER,INIT_PMU_READ,,Parse value of ibuck10,PARSE,PMUADC_STAT_IBUCK10,INIT_PMUADC_IBUCK10,,,[0:5],mA,KEY,,,TRUE,TRUE,,,,,,,,,,,,
POWER,INIT_PMU_READ,DUT_TYPE==S,Parse value of ich,PARSE,PMUADC_STAT_ICH,INIT_PMUADC_ICH,,,[0:260.13],mA,KEY,,,TRUE,TRUE,,,,,,,,,,,,
POWER,INIT_PMU_READ,DUT_TYPE==B,Parse value of ich,PARSE,PMUADC_STAT_ICH,INIT_PMUADC_ICH,,,[0:337.272],mA,KEY,,,TRUE,TRUE,,,,,,,,,,,,
POWER,INIT_PMU_READ,,Parse value of buck0,PARSE,PMUADC_STAT_BUCK0,INIT_PMUADC_BUCK0,,,[667:733],mV,KEY,,,TRUE,TRUE,,,,,,,,,,,,
POWER,INIT_PMU_READ,,Parse value of buck1,PARSE,PMUADC_STAT_BUCK1,INIT_PMUADC_BUCK1,,,[761.75:825.75],mV,KEY,,,TRUE,TRUE,Change to match USI limit,,,,,,,,,,,
POWER,INIT_PMU_READ,,Parse value of buck2,PARSE,PMUADC_STAT_BUCK2,INIT_PMUADC_BUCK2,,,[1070.5:1129.5],mV,KEY,,,TRUE,TRUE,,,,,,,,,,,,
POWER,INIT_PMU_READ,,Parse value of buck3,PARSE,PMUADC_STAT_BUCK3,INIT_PMUADC_BUCK3,,,[1768.5:1837.5],mV,KEY,,,TRUE,TRUE,,,,,,,,,,,,
POWER,INIT_PMU_READ,,Parse value of buck4,PARSE,PMUADC_STAT_BUCK4,INIT_PMUADC_BUCK4,,PMU_APPMUX_BUCK4,,mV,KEY,,,TRUE,TRUE,,,,,,,,,,,,
POWER,INIT_PMU_READ,,Calculate delta between buck4 and target voltage,CALCULATE,PMU_APPMUX_BUCK4-DCS_VOLTAGE,INIT_CAL_BUCK4_DELTA,,,[-30.5:30.5],mV,KEY,,,TRUE,TRUE,,,,,,,,,,,,
POWER,INIT_PMU_READ,,Parse value of buck5,PARSE,PMUADC_STAT_BUCK5,INIT_PMUADC_BUCK5,,PMU_APPMUX_BUCK5,,mV,KEY,,,TRUE,TRUE,,,,,,,,,,,,
POWER,INIT_PMU_READ,,CALC active_adc_buck5_delta,CALCULATE,PMU_APPMUX_BUCK5-SOC_CPU_VOLTAGE,INIT_CALC_BUCK5_DELTA,,,[-28:28],mV,KEY,,,TRUE,TRUE,,,,,,,,,,,,
POWER,INIT_PMU_READ,,Parse value of buck6,PARSE,PMUADC_STAT_BUCK6,INIT_PMUADC_BUCK6,,PMU_APPMUX_BUCK6,,mV,KEY,,,TRUE,TRUE,,,,,,,,,,,,
POWER,INIT_PMU_READ,,CALC active_adc_buck6_delta,CALCULATE,PMU_APPMUX_BUCK6-SRAM_VOLTAGE,INIT_CALC_BUCK6_DELTA,,,[-29.5:29.5],mV,KEY,,,TRUE,TRUE,,,,,,,,,,,,
POWER,INIT_PMU_READ,,Parse value of buck7,PARSE,PMUADC_STAT_BUCK7,INIT_PMUADC_BUCK7,,PMU_APPMUX_BUCK7,,mV,KEY,,,TRUE,TRUE,,,,,,,,,,,,
POWER,INIT_PMU_READ,,Calculate delta between buck7 and target voltage,CALCULATE,PMU_APPMUX_BUCK7-SOC_VOLTAGE,INIT_CALC_BUCK7_DELTA,,,[-34:34],mV,KEY,,,TRUE,TRUE,,,,,,,,,,,,
POWER,INIT_PMU_READ,,Parse value of buck8,PARSE,PMUADC_STAT_BUCK8,INIT_PMUADC_BUCK8,,,[749:811],mV,KEY,,,TRUE,TRUE,,,,,,,,,,,,
POWER,INIT_PMU_READ,,Parse value of buck9,PARSE,PMUADC_STAT_BUCK9,INIT_PMUADC_BUCK9,,,[975.5:1024.5],mV,KEY,,,TRUE,TRUE,,,,,,,,,,,,
POWER,INIT_PMU_READ,,Parse value of buck10,PARSE,PMUADC_STAT_BUCK10,INIT_PMUADC_BUCK10,,,[2140.5:2259.5],mV,KEY,,,TRUE,TRUE,,,,,,,,,,,,
POWER,INIT_PMU_READ,,Parse value of bubo,PARSE,PMUADC_STAT_BUBO,INIT_PMUADC_BUBO,,,[3224:3476],mV,KEY,,,TRUE,TRUE,,,,,,,,,,,,
POWER,INIT_PMU_READ,,Parse value of buck2_sw2,PARSE,PMUADC_STAT_SW2A,INIT_PMUADC_STAT_SW2A,,,[-50:60],mV,KEY,,,TRUE,TRUE,,,,,,,,,,,,
POWER,INIT_PMU_READ,,Parse value of buck2_sw2,PARSE,PMUADC_STAT_SW2B,INIT_PMUADC_STAT_SW2B,,,[1070.5:1129.5],mV,KEY,,,TRUE,TRUE,,,,,,,,,,,,
POWER,INIT_PMU_READ,,Parse value of buck3_sw3b,PARSE,PMUADC_STAT_SW3B,INIT_PMUADC_STAT_SW3B,,,[-50:60],mV,KEY,,,TRUE,TRUE,,,,,,,,,,,,
POWER,INIT_PMU_READ,,Parse value of buck3_sw3c,PARSE,PMUADC_STAT_SW3C,INIT_PMUADC_STAT_SW3C,,,[1768.5:1837.5],mV,KEY,,,TRUE,TRUE,,,,,,,,,,,,
POWER,INIT_PMU_READ,,Parse value of buck3_sw3d,PARSE,PMUADC_STAT_SW3D,INIT_PMUADC_STAT_SW3D,,,[1768.5:1837.5],mV,KEY,,,TRUE,TRUE,,,,,,,,,,,,
POWER,INIT_PMU_READ,,Parse value of vddmain_sw4,PARSE,PMUADC_STAT_SW4,INIT_PMUADC_STAT_SW4,,,<2500>,mV,KEY,,,TRUE,TRUE,,,,,,,,,,,,
POWER,INIT_PMU_READ,,Parse value of bubo_sw6,PARSE,PMUADC_STAT_SW6,INIT_PMUADC_BUBO_SW6,,,[3224:3476],mV,KEY,,,TRUE,TRUE,,,,,,,,,,,,
POWER,INIT_PMU_READ,,Parse value of sw8,PARSE,PMUADC_STAT_SW8,INIT_PMUADC_STAT_SW8,,,[749:811],mV,KEY,,,TRUE,TRUE,,,,,,,,,,,,
POWER,INIT_PMU_READ,,Parse value of ldo0,PARSE,PMUADC_STAT_LDO0,INIT_PMUADC_LDO0,,PP0V6_SLEEP2_LDO0,,mV,KEY,,,TRUE,TRUE,,,,,,,,,,,,
POWER,INIT_PMU_READ,,Calculate delta between ldo0 and target voltage,CALCULATE,PP0V6_SLEEP2_LDO0-PMU_LDO0_VSEL,INIT_CAL_ILDO0_DELTA,,,[-22:22],mV,KEY,,,TRUE,TRUE,,,,,,,,,,,,
POWER,INIT_PMU_READ,,Parse value of ldo1,PARSE,PMUADC_STAT_LDO1,INIT_PMUADC_LDO1,,,[1748:1852],mV,KEY,,,TRUE,TRUE,,,,,,,,,,,,
POWER,INIT_PMU_READ,,Parse value of ldo2,PARSE,PMUADC_STAT_LDO2,INIT_PMUADC_LDO2,,,[2924:3076],mV,KEY,,,TRUE,TRUE,,,,,,,,,,,,
POWER,INIT_PMU_READ,,Parse value of ldo3,PARSE,PMUADC_STAT_LDO3,INIT_PMUADC_LDO3,,,[2037: 2163],mV,KEY,,,TRUE,TRUE,<rdar://problem/46945938> LDO3 is enabled for display current sensing ADC in AB,,,,,,,,,,,
POWER,INIT_PMU_READ,,Parse value of ldo4,PARSE,PMUADC_STAT_LDO4,INIT_PMUADC_LDO4,,,[2924:3076],mV,KEY,,,TRUE,TRUE,,,,,,,,,,,,
POWER,INIT_PMU_READ,,Parse value of ldo5,PARSE,PMUADC_STAT_LDO5,INIT_PMUADC_LDO5,,,[-50:60],mV,KEY,,,TRUE,TRUE,,,,,,,,,,,,
POWER,INIT_PMU_READ,,Parse value of ldo6,PARSE,PMUADC_STAT_LDO6,INIT_PMUADC_LDO6,,,[1748:1852],mV,KEY,,,TRUE,TRUE,,,,,,,,,,,,
POWER,INIT_PMU_READ,,Parse value of ldo7,PARSE,PMUADC_STAT_LDO7,INIT_PMUADC_LDO7,,,[2924:3076],mV,KEY,,,TRUE,TRUE,,,,,,,,,,,,
POWER,INIT_PMU_READ,,Parse value of ldo8,PARSE,PMUADC_STAT_LDO8,INIT_PMUADC_LDO8,,,[1846:1954],mV,KEY,,,TRUE,TRUE,,,,,,,,,,,,
POWER,INIT_PMU_READ,,Parse value of ldo9,PARSE,PMUADC_STAT_LDO9,INIT_PMUADC_LDO9,,,[1744:1856],mV,KEY,,,TRUE,TRUE,,,,,,,,,,,,
POWER,INIT_PMU_READ,,Parse value of ldo10,PARSE,PMUADC_STAT_LDO10,INIT_PMUADC_LDO10,,,[2900:4750],mV,KEY,,,TRUE,TRUE,,,,,,,,,,,,
POWER,INIT_PMU_READ,,Parse value of ldo11,PARSE,PMUADC_STAT_LDO11,INIT_PMUADC_LDO11,,,[593:638],mV,KEY,,,TRUE,TRUE,,,,,,,,,,,,
POWER,INIT_PMU_READ,,Parse value of ldo12,PARSE,PMUADC_STAT_LDO12,INIT_PMUADC_LDO12,,,[578:622],mV,KEY,,,TRUE,TRUE,,,,,,,,,,,,
POWER,INIT_PMU_READ,,Parse value of ldo13,PARSE,PMUADC_STAT_LDO13,INIT_PMUADC_LDO13,,,[2924:3076],mV,KEY,,,TRUE,TRUE,,,,,,,,,,,,
POWER,INIT_PMU_READ,,Parse value of ldo14,PARSE,PMUADC_STAT_LDO14,INIT_PMUADC_LDO14,,,[520:642],mV,KEY,,,TRUE,TRUE,rdar://problem/45704771,,,,,,,,,,,
POWER,INIT_PMU_READ,,Parse value of vrtc,PARSE,PMUADC_STAT_VRTC,INIT_PMUADC_VRTC,,,[2434:2566],mV,KEY,,,TRUE,TRUE,,,,,,,,,,,,
POWER,INIT_PMU_READ,,Parse value of chg_hr,PARSE,PMUADC_STAT_CHG_HR,INIT_PMUADC_CHG_HR,,,[0:825],mV,KEY,,,TRUE,TRUE,,,,,,,,,,,,
POWER,INIT_PMU_READ,,Parse value of chg_hr_off,PARSE,PMUADC_STAT_CHG_HR_OFF,INIT_PMUADC_CHG_HR_OFF,,,[0:825],mV,KEY,,,TRUE,TRUE,,,,,,,,,,,,
POWER,INIT_PMU_READ,,Parse value of ildo0,PARSE,PMUADC_STAT_ILDO0,INIT_PMUADC_ILDO0,,,[0.2:50],mA,KEY,,,TRUE,TRUE,,,,,,,,,,,,
POWER,INIT_PMU_READ,,Parse value of ildo1,PARSE,PMUADC_STAT_ILDO1,INIT_PMUADC_ILDO1,,,[0:1],mA,KEY,,,TRUE,TRUE,,,,,,,,,,,,
POWER,INIT_PMU_READ,,Parse value of ildo2,PARSE,PMUADC_STAT_ILDO2,INIT_PMUADC_ILDO2,,,[0:3.5],mA,KEY,,,TRUE,TRUE,,,,,,,,,,,,
POWER,INIT_PMU_READ,,Parse value of ildo3,PARSE,PMUADC_STAT_ILDO3,INIT_PMUADC_ILDO3,,,[0:1],mA,KEY,,,TRUE,TRUE,<rdar://problem/46945938> LDO3 is enabled for display current sensing ADC in AB,,,,,,,,,,,
POWER,INIT_PMU_READ,,Parse value of ildo4,PARSE,PMUADC_STAT_ILDO4,INIT_PMUADC_ILDO4,,,[0:2],mA,KEY,,,TRUE,TRUE,,,,,,,,,,,,
POWER,INIT_PMU_READ,,Parse value of ildo5,PARSE,PMUADC_STAT_ILDO5,INIT_PMUADC_ILDO5,,,[0:0.5],mA,KEY,,,TRUE,TRUE,,,,,,,,,,,,
POWER,INIT_PMU_READ,,Parse value of ildo6,PARSE,PMUADC_STAT_ILDO6,INIT_PMUADC_ILDO6,,,[0:1],mA,KEY,,,TRUE,TRUE,,,,,,,,,,,,
POWER,INIT_PMU_READ,,Parse value of ildo7,PARSE,PMUADC_STAT_ILDO7,INIT_PMUADC_ILDO7,,,[0:1],mA,KEY,,,TRUE,TRUE,,,,,,,,,,,,
POWER,INIT_PMU_READ,,Parse value of ildo8,PARSE,PMUADC_STAT_ILDO8,INIT_PMUADC_ILDO8,,,[0:1],mA,KEY,,,TRUE,TRUE,,,,,,,,,,,,
POWER,INIT_PMU_READ,,Parse value of ildo9,PARSE,PMUADC_STAT_ILDO9,INIT_PMUADC_ILDO9,,,[0:1],mA,KEY,,,TRUE,TRUE,,,,,,,,,,,,
POWER,INIT_PMU_READ,,Parse value of ildo10,PARSE,PMUADC_STAT_ILDO10,INIT_PMUADC_ILDO10,,,[0:2],mA,KEY,,,TRUE,TRUE,,,,,,,,,,,,
POWER,INIT_PMU_READ,,Parse value of ildo11,PARSE,PMUADC_STAT_ILDO11,INIT_PMUADC_ILDO11,,,[0:5],mA,KEY,,,TRUE,TRUE,,,,,,,,,,,,
POWER,INIT_PMU_READ,,Parse value of ildo12,PARSE,PMUADC_STAT_ILDO12,INIT_PMUADC_ILDO12,,,[0:5],mA,KEY,,,TRUE,TRUE,,,,,,,,,,,,
POWER,INIT_PMU_READ,,Parse value of ildo13,PARSE,PMUADC_STAT_ILDO13,INIT_PMUADC_ILDO13,,,[0:1],mA,KEY,,,TRUE,TRUE,,,,,,,,,,,,
POWER,INIT_PMU_READ,,Parse value of ildo14,PARSE,PMUADC_STAT_ILDO14,INIT_PMUADC_ILDO14,,,[0:5],mA,KEY,,,TRUE,TRUE,,,,,,,,,,,,
POWER,INIT_PMU_READ,,Parse value of irtc,PARSE,PMUADC_STAT_IRTC,INIT_PMUADC_IRTC,,,[0:0.8],mA,KEY,,,TRUE,TRUE,,,,,,,,,,,,
POWER,INIT_PMU_READ,,Parse value of appmux_in1,PARSE,PMUADC_STAT_APPMUX_IN1,INIT_PMUADC_APPMUX_IN1,,,,mV,KEY,,,TRUE,TRUE,<rdar://problem/47039847>,,,,,,,,,,,
POWER,INIT_PMU_READ,,Parse appmux_in2 ((ARDMORE BOOST2/PT BOOST DIV)),PARSE,PMUADC_STAT_APPMUX_IN2,INIT_PMUADC_APPMUX_IN2,,,[-50:60],mV,KEY,,,TRUE,TRUE,<rdar://problem/47039847>,,,,,,,,,,,
POWER,INIT_PMU_READ,,Parse appmux_in3 (PP_VDD_MAIN_DISP_BOOST_SW)),PARSE,PMUADC_STAT_APPMUX_IN3,INIT_PMUADC_APPMUX_IN3,,,[3500:4750],mV,KEY,,,TRUE,TRUE,<rdar://problem/47039847>,,,,,,,,,,,
POWER,INIT_PMU_READ,,Parse value of appmux_in4,PARSE,PMUADC_STAT_APPMUX_IN4,INIT_PMUADC_APPMUX_IN4,,,,mV,KEY,,,TRUE,TRUE,<rdar://problem/47039847>,,,,,,,,,,,
POWER,INIT_PMU_READ,,Parse value of appmux_in5,PARSE,PMUADC_STAT_APPMUX_IN5,INIT_PMUADC_APPMUX_IN5,,,,mV,KEY,,,TRUE,TRUE,<rdar://problem/47039847>,,,,,,,,,,,
POWER,INIT_PMU_READ,,Parse value of appmux_in6,PARSE,PMUADC_STAT_APPMUX_IN6,INIT_PMUADC_APPMUX_IN6,,,[1280:1420],mV,KEY,,,TRUE,TRUE,<rdar://problem/47039847>,,,,,,,,,,,
POWER,INIT_PMU_READ,,Parse value of appmux_in7,PARSE,PMUADC_STAT_APPMUX_IN7,INIT_PMUADC_APPMUX_IN7,,,,mV,KEY,,,TRUE,TRUE,<rdar://problem/47039847>,,,,,,,,,,,
POWER,INIT_PMU_READ,,Parse value of appmux_sw2,PARSE,PMUADC_STAT_APPMUX_SW2,INIT_PMUADC_APPMUX_SW2,,,[1020.5:1129.5],mV,KEY,,,TRUE,TRUE,,,,,,,,,,,,
POWER,INIT_PMU_READ,,Parse value of appmux_sw3,PARSE,PMUADC_STAT_APPMUX_SW3,INIT_PMUADC_APPMUX_SW3,,,[1700:1837.5],mV,KEY,,,TRUE,TRUE,,,,,,,,,,,,
POWER,INIT_PMU_READ,,Parse value of appmux_sw4,PARSE,PMUADC_STAT_APPMUX_SW4,INIT_PMUADC_APPMUX_SW4,,,[3500:4750],mV,KEY,,,TRUE,TRUE,,,,,,,,,,,,
POWER,INIT_PMU_READ,,Parse value of appmux_sw6,PARSE,PMUADC_STAT_APPMUX_SW6,INIT_PMUADC_APPMUX_SW6,,,[3224:3476],mV,KEY,,,TRUE,TRUE,,,,,,,,,,,,
POWER,INIT_PMU_READ,,Parse value of appmux_sw8,PARSE,PMUADC_STAT_APPMUX_SW8,INIT_PMUADC_APPMUX_SW8,,,[749:811],mV,KEY,,,TRUE,TRUE,,,,,,,,,,,,
POWER,INIT_PMU_READ,,Parse value of appmux_vbuck0,PARSE,PMUADC_STAT_APPMUX_VBUCK0,INIT_PMUADC_APPMUX_VBUCK0,,,[600:733],mV,KEY,,,TRUE,TRUE,,,,,,,,,,,,
POWER,INIT_PMU_READ,,Parse value of appmux_vbuck1,PARSE,PMUADC_STAT_APPMUX_VBUCK1,INIT_PMUADC_STAT_APPMUX_VBUCK1,,,[721.75:825.75],mV,KEY,,,TRUE,TRUE,,,,,,,,,,,,
POWER,INIT_PMU_READ,,Parse value of appmux_vbuck4,PARSE,PMUADC_STAT_APPMUX_VBUCK4,INIT_PMUADC_STAT_APPMUX_VBUCK4,,PMU_APPMUX_VBUCK4,,mV,KEY,,,TRUE,TRUE,,,,,,,,,,,,
POWER,INIT_PMU_READ,,Calculate delta between appmux_vbuck4 and target voltage,CALCULATE,PMU_APPMUX_VBUCK4-DCS_VOLTAGE,INIT_CALC_VBUCK4_DELTA,,,[-100:50],mV,KEY,,,TRUE,TRUE,,,,,,,,,,,,
POWER,INIT_PMU_READ,,Parse value of appmux_vbuck5,PARSE,PMUADC_STAT_APPMUX_VBUCK5,INIT_PMUADC_STAT_APPMUX_VBUCK5,,PMU_APPMUX_VBUCK5,,mV,KEY,,,TRUE,TRUE,,,,,,,,,,,,
POWER,INIT_PMU_READ,,CALC active_adc_appmux_vbuck5_delta,CALCULATE,PMU_APPMUX_VBUCK5-SOC_CPU_VOLTAGE,INIT_CALC_VBUCK5_DELTA,,,[-100:50],mV,KEY,,,TRUE,TRUE,,,,,,,,,,,,
POWER,INIT_PMU_READ,,Parse value of appmux_vbuck6,PARSE,PMUADC_STAT_APPMUX_VBUCK6,INIT_PMUADC_STAT_APPMUX_VBUCK6,,PMU_APPMUX_VBUCK6,,mV,KEY,,,TRUE,TRUE,,,,,,,,,,,,
POWER,INIT_PMU_READ,,CALC active_adc_appmux_vbuck6_delta,CALCULATE,PMU_APPMUX_VBUCK6-SRAM_VOLTAGE,INIT_CALC_VBUCK6_DELTA,,,[-100:50],mV,KEY,,,TRUE,TRUE,,,,,,,,,,,,
POWER,INIT_PMU_READ,,Parse value of appmux_vbuck7,PARSE,PMUADC_STAT_APPMUX_VBUCK7,INIT_PMUADC_STAT_APPMUX_VBUCK7,,PMU_APPMUX_VBUCK7,,mV,KEY,,,TRUE,TRUE,,,,,,,,,,,,
POWER,INIT_PMU_READ,,Calculate delta between appmux_vbuck7 and target voltage,CALCULATE,PMU_APPMUX_VBUCK7-SOC_VOLTAGE,INIT_CALC_VBUCK7_DELTA,,,[-100:50],mV,KEY,,,TRUE,TRUE,,,,,,,,,,,,
POWER,INIT_PMU_READ,,Parse value of appmux_vbuck9,PARSE,PMUADC_STAT_APPMUX_VBUCK9,INIT_PMUADC_STAT_APPMUX_VBUCK9,,,[930:1024.5],mV,KEY,,,TRUE,TRUE,,,,,,,,,,,,
POWER,INIT_PMU_READ,,Parse value of appmux_vbuck10,PARSE,PMUADC_STAT_APPMUX_VBUCK10,INIT_PMUADC_STAT_APPMUX_VBUCK10,,,[2140.5:2259.5],mV,KEY,,,TRUE,TRUE,,,,,,,,,,,,
POWER,INIT_PMU_READ,,Parse value of appmux_vldo0,PARSE,PMUADC_STAT_APPMUX_VLDO0,INIT_PMUADC_APPMUX_VLDO0,,PMU_APPMUX_VLDO0,,mV,KEY,,,TRUE,TRUE,,,,,,,,,,,,
POWER,INIT_PMU_READ,,Calculate delta between appmux_vldo0 and target voltage,CALCULATE,PMU_APPMUX_VLDO0-PMU_LDO0_VSEL,INIT_CALC_VLDO0_DELTA,,,[-50:30],mV,KEY,,,TRUE,TRUE,,,,,,,,,,,,
POWER,INIT_PMU_READ,,Parse value of appmux_vldo1,PARSE,PMUADC_STAT_APPMUX_VLDO1,INIT_PMUADC_APPMUX_VLDO1,,,[1748:1852],mV,KEY,,,TRUE,TRUE,,,,,,,,,,,,
POWER,INIT_PMU_READ,,Parse value of appmux_vldo2,PARSE,PMUADC_STAT_APPMUX_VLDO2,INIT_PMUADC_APPMUX_VLDO2,,,[2924:3076],mV,KEY,,,TRUE,TRUE,,,,,,,,,,,,
POWER,INIT_PMU_READ,,Parse value of appmux_vldo3,PARSE,PMUADC_STAT_APPMUX_VLDO3,INIT_PMUADC_APPMUX_VLDO3,,,[2037:2163],mV,KEY,,,TRUE,TRUE,<rdar://problem/46945938> LDO3 is enabled for display current sensing ADC in AB,,,,,,,,,,,
POWER,INIT_PMU_READ,,Parse value of appmux_vldo4,PARSE,PMUADC_STAT_APPMUX_VLDO4,INIT_PMUADC_APPMUX_VLDO4,,,[2924:3076],mV,KEY,,,TRUE,TRUE,,,,,,,,,,,,
POWER,INIT_PMU_READ,,Parse value of appmux_vldo5,PARSE,PMUADC_STAT_APPMUX_VLDO5,INIT_PMUADC_APPMUX_VLDO5,,,[-50:60],mV,KEY,,,TRUE,TRUE,,,,,,,,,,,,
POWER,INIT_PMU_READ,,Parse value of appmux_vldo6,PARSE,PMUADC_STAT_APPMUX_VLDO6,INIT_PMUADC_APPMUX_VLDO6,,,[1748:1852],mV,KEY,,,TRUE,TRUE,,,,,,,,,,,,
POWER,INIT_PMU_READ,,Parse value of appmux_vldo7,PARSE,PMUADC_STAT_APPMUX_VLDO7,INIT_PMUADC_APPMUX_VLDO7,,,[2924:3076],mV,KEY,,,TRUE,TRUE,,,,,,,,,,,,
POWER,INIT_PMU_READ,,Parse value of appmux_vldo8,PARSE,PMUADC_STAT_APPMUX_VLDO8,INIT_PMUADC_APPMUX_VLDO8,,,[1846:1954],mV,KEY,,,TRUE,TRUE,,,,,,,,,,,,
POWER,INIT_PMU_READ,,Parse value of appmux_vldo9,PARSE,PMUADC_STAT_APPMUX_VLDO9,INIT_PMUADC_APPMUX_VLDO9,,,[1744:1856],mV,KEY,,,TRUE,TRUE,,,,,,,,,,,,
POWER,INIT_PMU_READ,,Parse value of appmux_vldo10,PARSE,PMUADC_STAT_APPMUX_VLDO10,INIT_PMUADC_APPMUX_VLDO10,,,[3500:4750],mV,KEY,,,TRUE,TRUE,,,,,,,,,,,,
POWER,INIT_PMU_READ,,Parse value of appmux_vldo11,PARSE,PMUADC_STAT_APPMUX_VLDO11,INIT_PMUADC_APPMUX_VLDO11,,,[550:638],mV,KEY,,,TRUE,TRUE,,,,,,,,,,,,
POWER,INIT_PMU_READ,,Parse value of appmux_vldo12,PARSE,PMUADC_STAT_APPMUX_VLDO12,INIT_PMUADC_APPMUX_VLDO12,,,[578:622],mV,KEY,,,TRUE,TRUE,,,,,,,,,,,,
POWER,INIT_PMU_READ,,Parse appmux_vldo13 (PP3V0_WLTX_TESLA_VDDPA),PARSE,PMUADC_STAT_APPMUX_VLDO13,INIT_PMUADC_APPMUX_VLDO13,,,[2924:3076],mV,KEY,,,TRUE,TRUE,,,,,,,,,,,,
POWER,INIT_PMU_READ,,Parse appmux_vldo14 (PP0V6_SLEEP2_TESLA_VDD_SOC ),PARSE,PMUADC_STAT_APPMUX_VLDO14,INIT_PMUADC_APPMUX_VLDO14,,,[520:642],mV,KEY,,,TRUE,TRUE,rdar://problem/45704771,,,,,,,,,,,
POWER,INIT_PMU_READ,,Parse value of appmux_sw2a_out,PARSE,PMUADC_STAT_APPMUX_SW2A_OUT,INIT_PMUADC_APPMUX_SW2A_OUT,,,[-50:60],mV,KEY,,,TRUE,TRUE,,,,,,,,,,,,
POWER,INIT_PMU_READ,,Parse value of appmux_sw2b_out,PARSE,PMUADC_STAT_APPMUX_SW2B_OUT,INIT_PMUADC_APPMUX_SW2B_OUT,,,[1020.5:1129.5],mV,KEY,,,TRUE,TRUE,,,,,,,,,,,,
POWER,INIT_PMU_READ,,Parse value of appmux_sw3a_out,PARSE,PMUADC_STAT_APPMUX_SW3A_OUT,INIT_PMUADC_APPMUX_SW3A_OUT,,,[-50:60],mV,KEY,,,TRUE,TRUE,,,,,,,,,,,,
POWER,INIT_PMU_READ,,Parse value of appmux_sw3b_out,PARSE,PMUADC_STAT_APPMUX_SW3B_OUT,INIT_PMUADC_APPMUX_SW3B_OUT,,,[-50:60],mV,KEY,,,TRUE,TRUE,,,,,,,,,,,,
POWER,INIT_PMU_READ,,Parse value of appmux_sw3c_out,PARSE,PMUADC_STAT_APPMUX_SW3C_OUT,INIT_PMUADC_APPMUX_SW3C_OUT,,,[1768:1837.5],mV,KEY,,,TRUE,TRUE,,,,,,,,,,,,
POWER,INIT_PMU_READ,,Parse value of appmux_sw3d_out,PARSE,PMUADC_STAT_APPMUX_SW3D_OUT,INIT_PMUADC_APPMUX_SW3D_OUT,,,[1768:1837.5],mV,KEY,,,TRUE,TRUE,,,,,,,,,,,,
POWER,INIT_PMU_READ,,Parse value of appmux_sw4_out,PARSE,PMUADC_STAT_APPMUX_SW4_OUT,INIT_PMUADC_APPMUX_SW4_OUT,,,[-50:60],mV,KEY,,,TRUE,TRUE,,,,,,,,,,,,
POWER,INIT_PMU_READ,,Parse value of appmux_sw6_out,PARSE,PMUADC_STAT_APPMUX_SW6_OUT,INIT_PMUADC_APPMUX_SW6_OUT,,,[3224:3476],mV,KEY,,,TRUE,TRUE,,,,,,,,,,,,
POWER,INIT_PMU_READ,,Parse value of appmux_sw8_out,PARSE,PMUADC_STAT_APPMUX_SW8_OUT,INIT_PMUADC_APPMUX_SW8_OUT,,,[749:811],mV,KEY,,,TRUE,TRUE,,,,,,,,,,,,
POWER,INIT_PMU_READ,,Parse appmux_gpio1 (PMU_TO_AOP_PDM_DATA),PARSE,PMUADC_STAT_APPMUX_GPIO1,INIT_PMUADC_APPMUX_GPIO1,,,[-50:1900],mV,KEY,,,TRUE,TRUE,,,,,,,,,,,,
POWER,INIT_PMU_READ,,Parse appmux_gpio2 (PMU_TO_AP_AOP_LISA_BTN_BUFF_L),PARSE,PMUADC_STAT_APPMUX_GPIO2,INIT_PMUADC_APPMUX_GPIO2,,,[1600:1868.75],mV,KEY,,,TRUE,TRUE,,,,,,,,,,,,
POWER,INIT_PMU_READ,,Parse appmux_gpio3 (DEBUG_TO_AOP_PMU_INT),PARSE,PMUADC_STAT_APPMUX_GPIO3,INIT_PMUADC_APPMUX_GPIO3,,,[-50:60],mV,KEY,,,TRUE,TRUE,,,,,,,,,,,,
POWER,INIT_PMU_READ,,Parse appmux_gpio4 (PMU_TO_CARNELIAN_SYS_ALIVE),PARSE,PMUADC_STAT_APPMUX_GPIO4,INIT_PMUADC_APPMUX_GPIO4,,,[1690.78:1868.75],mV,KEY,,,TRUE,TRUE,,,,,,,,,,,,
POWER,INIT_PMU_READ,,Parse appmux_gpio5 (PMU_TO_STOCKHOLM_EN),PARSE,PMUADC_STAT_APPMUX_GPIO5,INIT_PMUADC_APPMUX_GPIO5,,,[-50:60],mV,KEY,,,TRUE,TRUE,,,,,,,,,,,,
POWER,INIT_PMU_READ,,Parse appmux_gpio6 (PMU_TO_CARNELIAN_CLK32K),PARSE,PMUADC_STAT_APPMUX_GPIO6,INIT_PMUADC_APPMUX_GPIO6,,,[-50:1900],mV,KEY,,,TRUE,TRUE,,,,,,,,,,,,
POWER,INIT_PMU_READ,,Parse appmux_gpio7 (PMU_TO_BONN_CLK32K),PARSE,PMUADC_STAT_APPMUX_GPIO7,INIT_PMUADC_APPMUX_GPIO7,,,[-50:1900],mV,KEY,,,TRUE,TRUE,,,,,,,,,,,,
POWER,INIT_PMU_READ,,Parse appmux_gpio8 (PMU_TO_DISP_REF_32K),PARSE,PMUADC_STAT_APPMUX_GPIO8,INIT_PMUADC_APPMUX_GPIO8,,,[-50:1900],mV,KEY,,,TRUE,TRUE,,,,,,,,,,,,
POWER,INIT_PMU_READ,DUT_TYPE==N140,Parse appmux_gpio9 (PMU_TO_GERMANIUM_BUCK_EN),PARSE,PMUADC_STAT_APPMUX_GPIO9,INIT_PMUADC_APPMUX_GPIO9,,,,mV,KEY,,,TRUE,TRUE,,,,,,,,,,,,
POWER,INIT_PMU_READ,DUT_TYPE==N142,Parse appmux_gpio9 (PMU_TO_BB_PMIC_RESET_L),PARSE,PMUADC_STAT_APPMUX_GPIO9,INIT_PMUADC_APPMUX_GPIO9,,,[-50:60],mV,KEY,,,TRUE,TRUE,,,,,,,,,,,,
POWER,INIT_PMU_READ,,Parse value of appmux_gpio10(PMU_TO_GERMANIUM_CLK32K),PARSE,PMUADC_STAT_APPMUX_GPIO10,INIT_PMUADC_APPMUX_GPIO10,,,[-50:1900],mV,KEY,,,TRUE,TRUE,,,,,,,,,,,,
POWER,INIT_PMU_READ,,Parse appmux_gpio11 (PMU_TO_DISP_DEBUG_AWAKE_INDICATOR),PARSE,PMUADC_STAT_APPMUX_GPIO11,INIT_PMUADC_APPMUX_GPIO11,,,[1690.78:1868.75],mV,KEY,,,TRUE,TRUE,,,,,,,,,,,,
POWER,INIT_PMU_READ,,Parse appmux_gpio12 (PMU_TO_DISP_RESET_L),PARSE,PMUADC_STAT_APPMUX_GPIO12,INIT_PMUADC_APPMUX_GPIO12,,,[-50:60],mV,KEY,,,TRUE,TRUE,,,,,,,,,,,,
POWER,INIT_PMU_READ,,Parse appmux_gpio13 (PMU_TO_GRAPE_RESET_L),PARSE,PMUADC_STAT_APPMUX_GPIO13,INIT_PMUADC_APPMUX_GPIO13,,,[-50:60],mV,KEY,,,TRUE,TRUE,,,,,,,,,,,,
POWER,INIT_PMU_READ,,Parse appmux_gpio14 (PMU_TO_AP_AOP_BUTTON1_BUFF_L),PARSE,PMUADC_STAT_APPMUX_GPIO14,INIT_PMUADC_APPMUX_GPIO14,,,[1690.78:1868.75],mV,KEY,,,TRUE,TRUE,,,,,,,,,,,,
POWER,INIT_PMU_READ,,Parse appmux_gpio15 (PMU_TO_CARNELIAN_VDD_OK),PARSE,PMUADC_STAT_APPMUX_GPIO15,INIT_PMUADC_APPMUX_GPIO15,,,[1690.78:1868.75],mV,KEY,,,TRUE,TRUE,,,,,,,,,,,,
POWER,INIT_PMU_READ,,Parse appmux_gpio16 (PMU_TO_MAR_TX_INHIBIT_L),PARSE,PMUADC_STAT_APPMUX_GPIO16,INIT_PMUADC_APPMUX_GPIO16,,,[1690.78:1868.75],mV,KEY,,,TRUE,TRUE,,,,,,,,,,,,
POWER,INIT_PMU_READ,,Parse appmux_gpio17 (PMU_TO_BB_TX_INHIBIT_L),PARSE,PMUADC_STAT_APPMUX_GPIO17,INIT_PMUADC_APPMUX_GPIO17,,,[-50:60],mV,KEY,,,TRUE,TRUE,,,,,,,,,,,,
POWER,INIT_PMU_READ,,"Parse appmux_gpio18 (PMU_TO_DISP_SYS_ALIVE, float)",PARSE,PMUADC_STAT_APPMUX_GPIO18,INIT_PMUADC_APPMUX_GPIO18,,,,mV,KEY,,,TRUE,TRUE,,,,,,,,,,,,
POWER,INIT_PMU_READ,,Parse appmux_gpio19 (PMU_TO_AP_DROOP_L),PARSE,PMUADC_STAT_APPMUX_GPIO19,INIT_PMUADC_APPMUX_GPIO19,,,[1690.78:1868.75],mV,KEY,,,TRUE,TRUE,,,,,,,,,,,,
POWER,INIT_PMU_READ,,Parse appmux_gpio20 (PMU_TO_CODEC_PANIC),PARSE,PMUADC_STAT_APPMUX_GPIO20,INIT_PMUADC_APPMUX_GPIO20,,,[1690.78:1868.75],mV,KEY,,,TRUE,TRUE,,,,,,,,,,,,
POWER,INIT_PMU_READ,,Parse appmux_gpio21 (PMU_TO_DEBUG_INH),PARSE,PMUADC_STAT_APPMUX_GPIO21,INIT_PMUADC_APPMUX_GPIO21,,,,mV,KEY,,,TRUE,TRUE,,,,,,,,,,,,
POWER,INIT_PMU_READ,,Parse appmux_gpio22 (PMU_TO_GERMANIUM_ENABLE),PARSE,PMUADC_STAT_APPMUX_GPIO22,INIT_PMUADC_APPMUX_GPIO22,,,[-50:60],mV,KEY,,,TRUE,TRUE,,,,,,,,,,,,
POWER,INIT_PMU_READ,,Parse appmux_gpio23 (PMU_TO_BB_CLK32K),PARSE,PMUADC_STAT_APPMUX_GPIO23,INIT_PMUADC_APPMUX_GPIO23,,,[-50:60],mV,KEY,,,TRUE,TRUE,,,,,,,,,,,,
POWER,INIT_PMU_READ,,Parse appmux_gpio24 (PMU_TO_NAND_SYS_ALIVE),PARSE,PMUADC_STAT_APPMUX_GPIO24,INIT_PMUADC_APPMUX_GPIO24,,,[1690.78:1868.75],mV,KEY,,,TRUE,TRUE,,,,,,,,,,,,
POWER,INIT_PMU_READ,,Parse appmux_gpio25 (PMU_TO_MAGNETITE_1V8_EN),PARSE,PMUADC_STAT_APPMUX_GPIO25,INIT_PMUADC_APPMUX_GPIO25,,,[-50:1900],mV,KEY,,,TRUE,TRUE,,,,,,,,,,,,
POWER,INIT_PMU_READ,,Parse appmux_gpio26 (PMU_TO_TESLA_CLK32K),PARSE,PMUADC_STAT_APPMUX_GPIO26,INIT_PMUADC_APPMUX_GPIO26,,,[-50:1900],mV,KEY,,,TRUE,TRUE,,,,,,,,,,,,
POWER,INIT_PMU_READ,,Parse appmux_gpio27 (STOCKHOLM_TO_PMU_WAKE_SYSTEM),PARSE,PMUADC_STAT_APPMUX_GPIO27,INIT_PMUADC_APPMUX_GPIO27,,,,mV,KEY,,,TRUE,TRUE,,,,,,,,,,,,
POWER,INIT_PMU_READ,,Parse appmux_gpio28 (MAR_PMU_TO_TESLA_RESET_L)),PARSE,PMUADC_STAT_APPMUX_GPIO28,INIT_PMUADC_APPMUX_GPIO28,,,,mV,KEY,,,TRUE,TRUE,,,,,,,,,,,,
POWER,INIT_PMU_READ,,De-assert Grape Reset,DIAGS,pmurw -w 0x192E 0x03,,,,,,,,,TRUE,TRUE,,,,,,,,,,,,
PRESSURE,POTASSIUM,,Init Potassium,DIAGS,sensor --sel pressure2 --init,,,,,,,,,FALSE,TRUE,,,,,,,,,,,,
PRESSURE,POTASSIUM,,Parse Potassium Init,PARSE,POTASSIUM_INIT_RESULT,POTASSIUM_INIT_STATUS,,,"""OK""",,KEY,,,FALSE,TRUE,,,,,,,,,,,,
PRESSURE,POTASSIUM,,Dump Potassium Registers,DIAGS,sensorreg -s pressure2 --dump,,,,,,,,,FALSE,TRUE,,,,,,,,,,,,
PRESSURE,POTASSIUM,,Parse 0x80,PARSEHEX,IN_K2_Mfg_ID,IN_K2_Mfg_ID,,,<228>,,KEY,,,FALSE,TRUE,,,,,,,,,,,,
PRESSURE,POTASSIUM,,Parse 0x81,PARSEHEX,IN_K2_Chip_ID,IN_K2_Chip_ID,,,<40>,,KEY,,,FALSE,TRUE,,,,,,,,,,,,
PRESSURE,POTASSIUM,,Parse 0x82,PARSEHEX,IN_K2_Rev_ID,IN_K2_Trim_Rev,,,<0>,,KEY,,,FALSE,TRUE,,,,,,,,,,,,
PRESSURE,POTASSIUM,,Parse 0x83,PARSEHEX,IN_K2_ID_0,IN_K2_ID_0,,,,,KEY,,,FALSE,TRUE,,,,,,,,,,,,
PRESSURE,POTASSIUM,,Parse 0x84,PARSEHEX,IN_K2_ID_1,IN_K2_ID_1,,,,,KEY,,,FALSE,TRUE,,,,,,,,,,,,
PRESSURE,POTASSIUM,,Parse 0x85,PARSEHEX,IN_K2_ID_2,IN_K2_ID_2,,,,,KEY,,,FALSE,TRUE,,,,,,,,,,,,
PRESSURE,POTASSIUM,,Parse 0x86,PARSEHEX,IN_K2_ID_3,IN_K2_ID_3,,,,,KEY,,,FALSE,TRUE,,,,,,,,,,,,
PRESSURE,POTASSIUM,,Parse 0x87,PARSEHEX,IN_K2_ID_4,IN_K2_ID_4,,,,,KEY,,,FALSE,TRUE,,,,,,,,,,,,
PRESSURE,POTASSIUM,,Parse 0x88,PARSEHEX,IN_K2_ID_5,IN_K2_ID_5,,,,,KEY,,,FALSE,TRUE,,,,,,,,,,,,
PRESSURE,POTASSIUM,,Parse 0x89,PARSEHEX,IN_K2_ID_6,IN_K2_ID_6,,,,,KEY,,,FALSE,TRUE,,,,,,,,,,,,
PRESSURE,POTASSIUM,,Parse 0x8A,PARSEHEX,IN_K2_ID_7,IN_K2_ID_7,,,,,KEY,,,FALSE,TRUE,,,,,,,,,,,,
PRESSURE,POTASSIUM,,Parse 0x8B,PARSEHEX,IN_K2_ID_8,IN_K2_ID_8,,,,,KEY,,,FALSE,TRUE,,,,,,,,,,,,
PRESSURE,POTASSIUM,,"Parse 0xA1, bits[15:8].",PARSEHEX,IN_K2_TCO1,IN_K2_TCO1,,,,,KEY,,,FALSE,TRUE,,,,,,,,,,,,
PRESSURE,POTASSIUM,,"Parse 0xA2, bits[7:4]",PARSEHEX,IN_K2_TCO2,IN_K2_TCO2,,,,,KEY,,,FALSE,TRUE,,,,,,,,,,,,
PRESSURE,POTASSIUM,,"Parse 0xA2, bits[3:0]",PARSEHEX,IN_K2_OFFSET1,IN_K2_OFFSET1,,,,,KEY,,,FALSE,TRUE,,,,,,,,,,,,
PRESSURE,POTASSIUM,,"Parse 0xA4, bits[7:0]",PARSEHEX,IN_K2_OFFSET2,IN_K2_OFFSET2,,,,,KEY,,,FALSE,TRUE,,,,,,,,,,,,
PRESSURE,POTASSIUM,,Potassium Connectivty,DIAGS,sensor --sel pressure2 --c,,,,,,,,,FALSE,TRUE,,,,,,,,,,,,
PRESSURE,POTASSIUM,,Parse Potassium Connectivity,PARSE,POTASSUIM_CONN_TEST_RESULT,POTASSIUM_CONN_TEST_RESULT,,,"""PASS""",,KEY,,,FALSE,TRUE,,,,,,,,,,,,
PRESSURE,POTASSIUM,,Sample Potassium Data,DIAGS,sensor --sel pressure2 --sample 50 --stats,,,,,,,,,FALSE,TRUE,,,,,,,,,,,,
PRESSURE,POTASSIUM,,Parse pressure2 ODR,PARSE,SENSOR_PRESSURE2_ODR,IN_K2_odr,,,[22.5:27.5],,KEY,,,FALSE,TRUE,,,,,,,,,,,,
PRESSURE,POTASSIUM,,Parse pressure2 average pressure,PARSE,SENSOR_PRESSURE2_AVERAGE_PRESSURE,IN_K2_press_average,,,[90:110],kPa,KEY,,,FALSE,TRUE,,,,,,,,,,,,
PRESSURE,POTASSIUM,,Parse pressure2 average temp,PARSE,SENSOR_PRESSURE2_AVERAGE_TEMP,IN_K2_temp_average,,,[15:45],C,KEY,,,FALSE,TRUE,,,,,,,,,,,,
PRESSURE,POTASSIUM,,Parse pressure2 std dev pressure,PARSE,SENSOR_PRESSURE2_STD_PRESSURE,FR_POTASSIUM_STD_kPA,,FR_POTASSIUM_STD_kPA,,,KEY,,,FALSE,TRUE,,,,,,,,,,,,
PRESSURE,POTASSIUM,,Parse pressure2 std dev temp,PARSE,SENSOR_PRESSURE2_STD_TEMP,IN_K2_temp_std,,,[0:0.175],C.rms,KEY,,,FALSE,TRUE,,,,,,,,,,,,
PRESSURE,POTASSIUM,,Parse pressure2 max pressure,PARSE,SENSOR_PRESSURE2_MAX_PRESSURE,IN_K2_press_max,,,[90:110],kPa,KEY,,,FALSE,TRUE,,,,,,,,,,,,
PRESSURE,POTASSIUM,,Parse pressure2 min temp,PARSE,SENSOR_PRESSURE2_MIN_PRESSURE,IN_K2_press_min,,,[90:110],C,KEY,,,FALSE,TRUE,,,,,,,,,,,,
PRESSURE,POTASSIUM,,Parse pressure2 range temp,PARSE,SENSOR_PRESSURE2_RANGE_PRESSURE,,,IK_Range_kPA,,,,,,FALSE,TRUE,,,,,,,,,,,,
PRESSURE,POTASSIUM,,Parse pressure2 bad sample count,PARSE,SENSOR_PRESSURE2_BAD_SAMPLES,FR_Potassium_bad_sample,,,[0:0],,KEY,,,FALSE,TRUE,,,,,,,,,,,,
PRESSURE,POTASSIUM,,Parse pressure2 std dev pressure,CACULATE,FR_POTASSIUM_STD_kPA*1000,IN_K2_press_std,,,[0.001:4.5],kPa.rms,KEY,,,FALSE,TRUE,<rdar://problem/46263448> relax the IN_K2_press_std limit to 6,,,,,,,,,,,
PRESSURE,POTASSIUM,,Parse pressure2 range temp,CACULATE,IK_Range_kPA*1000,IN_K2_range,,,[0.001:200],Pa,KEY,,,FALSE,TRUE,,,,,,,,,,,,
PRESSURE,POTASSIUM,,Turn OFF Sensors (Potassium),DIAGS,sensor --sel pressure2 --turnoff;,,,,,,,,,FALSE,TRUE,,,,,,,,,,,,
BATTERY,BATTERY_PAIRING,,Get Battery SN from SF,GLOBAL,battery,,,,,,ATTRIBUTE,,,TRUE,FALSE,<rdar://problem/48076391> [QTx test plan optmize] - container of optimize test plan for MP,,,,,,,,,,,
BATTERY,BATTERY_PAIRING,,Capture Battery SN part,"SubStr(0,17)",battery,SFCBATTERY_SN,,SFCBATTERY,,,ATTRIBUTE,,,TRUE,FALSE,,,,,,,,,,,,
BATTERY,BATTERY_PROPERTIES,,Battery Serial Number,DIAGS,device -k gasgauge -e read_pack_sn,,,,,,,,,TRUE,FALSE,,,,,,,,,,,,
BATTERY,BATTERY_PROPERTIES,,Parse Battery Serial Number,PARSE,BATTERY_SN,BATTERY_SN,,BATTERY_SN,,,ATTRIBUTE,,,TRUE,FALSE,,,,,,,,,,,,
BATTERY,BATTERY_PAIRING,,Battery Compare with SF,PARSE,Battery Compare with SF,,,,,,,,,TRUE,FALSE,,,,,,,,,,,,
BATTERY,BATTERY_PAIRING,,Pair Battery with Unit,DIAGS,device -k GasGauge -e pair,,,,,,,,,TRUE,FALSE,,,,,,,,,,,,
BATTERY,BATTERY_PROPERTIES,,Read Battery Pairing Property,DIAGS,device -k gasgauge -e check_pairing,,,,,,,,,TRUE,FALSE,,,,,,,,,,,,
BATTERY,BATTERY_PROPERTIES,,Parse Battery Pairing Property,PARSE,BATTERY_PAIRING_STATUS,BATTERY_PAIRING_STATUS,,,"""Serial numbers matched""",,ATTRIBUTE,,,TRUE,FALSE,<rdar://problem/48076391> [QTx test plan optmize] - container of optimize test plan for MP,,,,,,,,,,,
BATTERY,BATTERY_PROPERTIES,,"Read Battery Min,Max Temperature",DIAGS,device -k gasgauge -e read_lifetime_temp_c min;device -k gasgauge -e read_lifetime_temp_c max,,,,,,,,,TRUE,FALSE,,,,,,,,,,,,
BATTERY,BATTERY_PROPERTIES,,Parse Battery Min Temperature,PARSE,BATTERY_TEMP_MIN,BATTERY_TEMP_MIN_START,,,[-10:30],C,KEY,,,TRUE,FALSE,,,,,,,,,,,,
BATTERY,BATTERY_PROPERTIES,,Parse Battery Max Temperature,PARSE,BATTERY_TEMP_MAX,BATTERY_TEMP_MAX_START,,,[20:57],C,KEY,,,TRUE,FALSE,,,,,,,,,,,,
BATTERY,BATTERY_PROPERTIES,,"Read Battery Min,Max Voltage",DIAGS,device -k gasgauge -e read_lifetime_pack_v min;device -k gasgauge -e read_lifetime_pack_v max,,,,,,,,,TRUE,FALSE,,,,,,,,,,,,
BATTERY,BATTERY_PROPERTIES,,Parse Battery Min Voltage,PARSE,BATTERY_VOLTAGE_MIN,BATTERY_VOLTAGE_MIN_START,,,[2340:3910],mV,KEY,,,TRUE,FALSE,,,,,,,,,,,,
BATTERY,BATTERY_PROPERTIES,,Parse Battery Max Voltage,PARSE,BATTERY_VOLTAGE_MAX,BATTERY_VOLTAGE_MAX_START,,,[2345:4460],mV,KEY,,,TRUE,FALSE,<rdar://problem/46269441>,,,,,,,,,,,
BATTERY,BATTERY_PROPERTIES,,Read Battery Max Discharge Current ,DIAGS,device -k GasGauge -e read_lifetime_max_dsg_c,,,,,,,20,,TRUE,FALSE,,,,,,,,,,,,
BATTERY,BATTERY_PROPERTIES,,Parse Battery Max Discharge Current ,PARSE,BATTERY_DSG_CURRENT_MAX,BATTERY_DSG_CURRENT_MAX_START,,,[-1500:0],,,,,TRUE,FALSE,,,,,,,,,,,,
MAGNETITE,RESET_MAGNETITE,,Reset Magnetite,DIAGS,c26 set backpower false;socgpio --port 2 --pin 1 --output 0;wait 1000,,,,,,,20,,TRUE,TRUE,,,,,,,,,,,,
MAGNETITE,RESET_MAGNETITE,,Reset Magnetite,DIAGS,socgpio --port 2 --pin 1 --input,,,,,,,20,,TRUE,TRUE,,,,,,,,,,,,
PUCK,PUCK_SERIAL,,Check puck serial number,HOST_RUN,python /vault/tmp/b237Tool.py -serial -identify -max_timeout -ilimit 1500 -info,,,,,,,20,,TRUE,TRUE,,,,,,,,,,,,
PUCK,PUCK_SERIAL,,Parse puck serial number,PARSE,QT1_PUCK,QT1_PUCK,,QT1_PUCK,,,ATTRIBUTE,,,TRUE,TRUE,,,,,,,,,,,,
PUCK,PUCK_SERIAL,,Parse puck EEEE code,"SubStr(11,4)",QT1_PUCK,PUCK_EEEE,,PUCK_EEEE,,,ATTRIBUTE,,,TRUE,TRUE,,,,,,,,,,,,
PUCK,PUCK_SERIAL,,Check puck EEEE code,FAILSTOPGLOBAL,PUCK_EEEE,,,,,,,,,TRUE,TRUE,,,,,,,,,,,,
PUCK,PUCK_FW_VER,,Parse puck firmware version,PARSE,PUCK_FW_VER,QT1_FW_VER,,,,,KEY,,,TRUE,TRUE,,,,,,,,,,,,
PUCK,PUCK_HW_VER,,Parse puck hardware version,PARSE,PUCK_HW_VER,QT1_HW_VER,,,,,KEY,,,TRUE,TRUE,,,,,,,,,,,,
PUCK,PUCK_SERIAL,,Translate puck sn to ascii and upload to PDCA,ASCII,PUCK_IDENTIFY_SN[0:7],QT1_PUCK_1,,,,,KEY,,,TRUE,TRUE,,,,,,,,,,,,
PUCK,PUCK_SERIAL,,Translate puck sn to ascii and upload to PDCA,ASCII,PUCK_IDENTIFY_SN[8:15],QT1_PUCK_2,,,,,KEY,,,TRUE,TRUE,,,,,,,,,,,,
PUCK,PUCK_SERIAL,,Translate puck sn to ascii and upload to PDCA,ASCII,PUCK_IDENTIFY_SN[16:23],QT1_PUCK_3,,,,,KEY,,,TRUE,TRUE,,,,,,,,,,,,
PUCK,PUCK_SERIAL,,Translate puck sn to ascii and upload to PDCA,ASCII,PUCK_IDENTIFY_SN[24:31],QT1_PUCK_4,,,,,KEY,,,TRUE,TRUE,,,,,,,,,,,,
PUCK,PUCK_SERIAL,,Translate puck sn to ascii and upload to PDCA,ASCII,PUCK_IDENTIFY_SN[32:39],QT1_PUCK_5,,,,,KEY,,,TRUE,TRUE,,,,,,,,,,,,
PUCK,PUCK_INFO,,Parse Puck info,PARSE,PUCK_STATEREG,PUCK_1INIT_STATEREG,,,,,KEY,,,TRUE,TRUE,,,,,,,,,,,,
PUCK,PUCK_INFO,,Parse Puck info,PARSE,PUCK_DUTYCYCLE,PUCK_1INIT_DUTY,,,,,KEY,,,TRUE,TRUE,,,,,,,,,,,,
PUCK,PUCK_INFO,,Parse Puck info,PARSE,PUCK_FREQ,PUCK_1INIT_FREQ,,,,,KEY,,,TRUE,TRUE,,,,,,,,,,,,
PUCK,PUCK_INFO,,Parse Puck info,PARSE,PUCK_VBUS,PUCK_1INIT_VBUS,,,,,KEY,,,TRUE,TRUE,,,,,,,,,,,,
PUCK,PUCK_INFO,,Parse Puck info,PARSE,PUCK_IMON,PUCK_1INIT_IMON,,,,,KEY,,,TRUE,TRUE,,,,,,,,,,,,
PUCK,PUCK_INFO,,Parse Puck info,PARSE,PUCK_MCUTEMP,PUCK_1INIT_MCUTEMP,,,,,KEY,,,TRUE,TRUE,,,,,,,,,,,,
MAGNETITE,MAGNETITE_RESET,,Reset Magnetite_1,DIAGS,socgpio --port 2 --pin 1 --output 0;wait 1000,,,,,,,,,TRUE,TRUE,,,,,,,,,,,,
MAGNETITE,MAGNETITE_RESET,,Reset Magnetite_2,DIAGS,socgpio --port 2 --pin 1 --input,,,,,,,,,TRUE,TRUE,,,,,,,,,,,,
MAGNETITE,MAGNETITE_RESET,,Wait 2000ms,DIAGS,wait 2000,,,,,,,,,TRUE,TRUE,,,,,,,,,,,,
MAGNETITE,MAGNETITE_TEST,,Read Magnetite Chip ID,DIAGS,c26 read 0xf0000000,,,,,,,,,TRUE,TRUE,,,,,,,,,,,,
MAGNETITE,MAGNETITE_TEST,,Parse Magnetite Chip ID,PARSE,CHARGER_IC_CHIP_ID,,,CHIP_ID,,,KEY,,,TRUE,TRUE,,,,,,,,,,,,
MAGNETITE,MAGNETITE_RESET,,Wait 2000ms,DIAGS,wait 2000,,,,,,,,,TRUE,TRUE,,,,,,,,,,,,
MAGNETITE,MAGNETITE_TEST,,Read Magnetite Analog Rev ID,DIAGS,c26 read 0xf000002c,,,,,,,,,TRUE,TRUE,,,,,,,,,,,,
MAGNETITE,MAGNETITE_TEST,,Parse Magnetite Rev ID,PARSE,CHARGER_IC_REV_ID,,,,[TBD],,KEY,,,TRUE,TRUE,,,,,,,,,,,,
MAGNETITE,INIT_STATUS,,Initial Magnetite status check,DIAGS,c26 get status; c26 get firmware_version; c26 get conn_state; c26 get vrect_high_res; c26 get vdd_main; c26 get vbat_sns; c26 get die_temp; c26 get irect; c26 get backpower; c26 read 0xF0000E14; c26 get vrect_low_res;c26 get dummy_load,,,,,,,,,TRUE,TRUE,,,,,,,,,,,,
MAGNETITE,INIT_STATUS,,Initial Magnetite status check,PARSE,CHARGER_IC_CONN_STATE,MAGNETITE_1INIT_CONN_STATE,,,,,ATTRIBUTE,,,TRUE,TRUE,,,,,,,,,,,,
MAGNETITE,INIT_STATUS,,Initial Magnetite status check,PARSE,CHARGER_IC_STATUS,MAGNETITE_1INIT_FW_STATUS,,,,,KEY,,,TRUE,TRUE,,,,,,,,,,,,
MAGNETITE,INIT_STATUS,,Initial Magnetite status check,PARSE,CHARGER_IC_FIRMWARE_VERSION_ONLY,MAGNETITE_1INIT_FW_VERSION,,,[TBD],,ATTRIBUTE,,,TRUE,TRUE,,,,,,,,,,,,
MAGNETITE,INIT_STATUS,,Initial Magnetite status check,PARSE,CHARGER_IC_VBAT_SNS,MAGNETITE_1INIT_VBAT_SNS,,,,mV,KEY,,,TRUE,TRUE,,,,,,,,,,,,
MAGNETITE,INIT_STATUS,,Initial Magnetite status check,PARSE,CHARGER_IC_VRECT_LOW_RES,MAGNETITE_1INIT_VRECT_LOW_RES,,,,mV,KEY,,,TRUE,TRUE,,,,,,,,,,,,
MAGNETITE,INIT_STATUS,,Initial Magnetite status check,PARSE,CHARGER_IC_VRECT_HIGH_RES,MAGNETITE_1INIT_VRECT_HIGH_RES,,,,mV,KEY,,,TRUE,TRUE,,,,,,,,,,,,
MAGNETITE,INIT_STATUS,,Initial Magnetite status check,PARSE,CHARGER_IC_VDD_MAIN,MAGNETITE_1INIT_VDDMAIN,,,,mV,KEY,,,TRUE,TRUE,,,,,,,,,,,,
MAGNETITE,INIT_STATUS,,Initial Magnetite status check,PARSE,CHARGER_IC_DIE_TEMP,MAGNETITE_1INIT_DIE_TEMP,,,"[5,100]",C,KEY,,,TRUE,TRUE,,,,,,,,,,,,
MAGNETITE,INIT_STATUS,,Initial Magnetite status check,PARSE,CHARGER_IC_IRECT,MAGNETITE_1INIT_IRECT,,,,mA,KEY,,,TRUE,TRUE,,,,,,,,,,,,
MAGNETITE,INIT_STATUS,,Get Magnetite ILIMIT,DIAGS,c26 exec getadc 14,,,,,,,,,TRUE,TRUE,,,,,,,,,,,,
MAGNETITE,INIT_STATUS,,Parse Magnetite ILIMIT,PARSE,ILIMIT,MAGNETITE_1INIT_ILIMIT,,,,mA,KEY,,,TRUE,TRUE,,,,,,,,,,,,
MAGNETITE,INIT_STATUS,,Get Magnetite ILOAD,DIAGS,c26 exec getadc 16,,,,,,,,,TRUE,TRUE,,,,,,,,,,,,
MAGNETITE,INIT_STATUS,,Parse Magnetite ILOAD,PARSE,ILOAD,MAGNETITE_1INIT_ILOAD,,,,mA,KEY,,,TRUE,TRUE,,,,,,,,,,,,
MAGNETITE,INIT_STATUS,,Load FW,DIAGS,c26 fw,,,,,,,20,,TRUE,TRUE,,,,,,,,,,,,
MAGNETITE,INIT_STATUS,,Read FW Version,DIAGS,c26 get firmware_version,,,,,,,20,,TRUE,TRUE,,,,,,,,,,,,
MAGNETITE,INIT_STATUS,,Parse FW Version,PARSE,CHARGER_IC_FIRMWARE_VERSION_ONLY,MAGNETITE_RAM_FIRMWARE_VERSION,,MAGNETITE_RAM_FIRMWARE_VERSION,,,,,,TRUE,TRUE,,,,,,,,,,,,
MAGNETITE,MAGNETITE_SETUP,,Enable all ADC Channels;Turn off GPIO ADC channels,DIAGS,c26 write 0xF0000B80 0xBD000000; wait 3000; c26 write 0xF0000220 0x03FFF0FF,Enable ADC Channels;Turn off GPIO ADC channels,,,,,,,,TRUE,TRUE,,,,,,,,,,,,
MAGNETITE,MAGNETITE_SETUP,,Set Vrect Control Mode;Disable LDO,DIAGS,c26 write 0xF000000C 0x07000000;wait 1200;c26 write 0xF000000C 0x07000100;wait 1200,,,,,,,,,TRUE,TRUE,,,,,,,,,,,,
MAGNETITE,MAGNETITE_SETUP,,Set comm interval;Set 4.5V target,DIAGS,c26 write 0xF0000B80 0x830000C8;wait 1200;c26 write 0xF0000B80 0x84001194;wait 1200,,,,,,,,,TRUE,TRUE,,,,,,,,,,,,
MAGNETITE,MAGNETITE_SETUP,,Set Bauxite dummy load 117mA,DIAGS,c26 exec mailbox 0 0x17 0x300EA; wait 1200,,,,,,,,,TRUE,TRUE,,,,,,,,,,,,
MAGNETITE,MAGNETITE_SETUP,,Wait 5s,DIAGS,wait 5000,,,,,,,10,,TRUE,TRUE,,,,,,,,,,,,
BATTERY,READ_BATT_PROP,,Read Battery Properties,DIAGS,device -k gasgauge -p,,,,,,,,,TRUE,TRUE,,,,,,,,,,,,
POWER,PRE_GG_READ,,Parse Gasgauge Temperature,PARSE,GG_TEMPERATURE,GG_2PRE_TEMPERATURE,,,"[1,50]",C,KEY,,,TRUE,TRUE,,,,,,,,,,,,
POWER,PRE_GG_READ,,Parse Gasgauge Voltage,PARSE,GG_VOLTAGE,GG_2PRE_VOLTAGE,,,"[3500,4500]",mV,KEY,,,TRUE,TRUE,,,,,,,,,,,,
POWER,PRE_GG_READ,,Parse Gasgauge Remaining Capacity,PARSE,GG_REMAINING_CAPACITY,GG_2PRE_REMAINING_CAPACITY,,,[9.35:341],mAh,KEY,,,TRUE,TRUE,,,,,,,,,,,,
POWER,PRE_GG_READ,,Parse Gasgauge Nominal Capacity,PARSE,GG_NOMINAL_CAPACITY,GG_2PRE_NOMINAL_CAPACITY,,,,mAh,KEY,,,TRUE,TRUE,,,,,,,,,,,,
POWER,PRE_GG_READ,,Parse Gasgauge Current,PARSE,GG_CURRENT,GG_2PRE_CURRENT,,,[-100:0],mA,KEY,,,TRUE,TRUE,,,,,,,,,,,,
POWER,PRE_GG_READ,,Parse Gasgauge Charge-Percentage,PARSE,GG_CHARGE_PERCENTAGE,GG_2PRE_CHARGE_PERCENTAGE,,,"[5,99]",,KEY,,,TRUE,TRUE,,,,,,,,,,,,
POWER,PRE_PMU_ADC,,Disable Boost,HOST_RUN,cd /vault/tmp/; python b237Tool.py -disableBoost -setBoostOff,,,,,,,20,,TRUE,TRUE,,,,,,,,,,,,
POWER,PRE_PMU_ADC,,Mute serializer,DIAGS,c26 write 0xF000000C 0x07000140,,,,,,,,,TRUE,TRUE,,,,,,,,,,,,
MAGNETITE,PRE_STATUS,,Pretest Magnetite status check,DIAGS,c26 get status; c26 get firmware_version; c26 get conn_state; c26 get vrect_high_res; c26 get vdd_main; c26 get vbat_sns; c26 get die_temp; c26 get irect; c26 get backpower; c26 read 0xF0000E14;c26 get vrect_low_res; c26 get dummy_load;,,,,,,,,,TRUE,TRUE,,,,,,,,,,,,
MAGNETITE,PRE_STATUS,,Pretest Magnetite status check,PARSE,CHARGER_IC_CONN_STATE,MAGNETITE_2PRE_CONN_STATE,,,"""closed_loop_vrect_control""",,ATTRIBUTE,,,TRUE,TRUE,,,,,,,,,,,,
MAGNETITE,PRE_STATUS,,Pretest Magnetite status check,PARSE,CHARGER_IC_FIRMWARE_VERSION_ONLY,MAGNETITE_2PRE_FW_VERSION,,,,,ATTRIBUTE,,,TRUE,TRUE,,,,,,,,,,,,
MAGNETITE,PRE_STATUS,,Pretest Magnetite status check,PARSE,CHARGER_IC_VBAT_SNS,MAGNETITE_2PRE_VBAT_SNS,,,,mV,KEY,,,TRUE,TRUE,,,,,,,,,,,,
MAGNETITE,PRE_STATUS,,Pretest Magnetite status check,PARSE,CHARGER_IC_VRECT_HIGH_RES,MAGNETITE_2PRE_VRECT_HIGH_RES,,,,mV,KEY,,,TRUE,TRUE,,,,,,,,,,,,
MAGNETITE,PRE_STATUS,,Pretest Magnetite status check,PARSE,CHARGER_IC_VDD_MAIN,MAGNETITE_2PRE_VDDMAIN,,,,mV,KEY,,,TRUE,TRUE,,,,,,,,,,,,
MAGNETITE,PRE_STATUS,,Pretest Magnetite status check,PARSE,CHARGER_IC_DIE_TEMP,MAGNETITE_2PRE_DIE_TEMP,,,"[5,100]",C,KEY,,,TRUE,TRUE,,,,,,,,,,,,
MAGNETITE,PRE_STATUS,,Pretest Magnetite status check,PARSE,CHARGER_IC_IRECT,MAGNETITE_2PRE_IRECT,,,,mA,KEY,,,TRUE,TRUE,,,,,,,,,,,,
MAGNETITE,PRE_STATUS,,Get Magnetite ILIMIT,DIAGS,c26 exec getadc 14,,,,,,,,,TRUE,TRUE,,,,,,,,,,,,
MAGNETITE,PRE_STATUS,,Parse Magnetite ILIMIT,PARSE,ILIMIT,MAGNETITE_2PRE_ILIMIT,,,,mA,KEY,,,TRUE,TRUE,,,,,,,,,,,,
MAGNETITE,PRE_STATUS,,Get Magnetite ILOAD,DIAGS,c26 exec getadc 16,,,,,,,,,TRUE,TRUE,,,,,,,,,,,,
MAGNETITE,PRE_STATUS,,Parse Magnetite ILOAD,PARSE,ILOAD,MAGNETITE_2PRE_ILOAD,,,[0.100:0.130],mA,KEY,,,TRUE,TRUE,,,,,,,,,,,,
MAGNETITE,PRE_DUMMY_LOAD_CHECK,,Pretest Magnetite status check,DIAGS,c26 read 0xF0000E14,,,,,,,,,TRUE,TRUE,,,,,,,,,,,,
MAGNETITE,PRE_DUMMY_LOAD_CHECK,,Parse pre dummy load.,PARSE,BX_DUMMYLOAD,MAGNETITE_2PRE_DUMMYLOAD,,,,,KEY,,,TRUE,TRUE,,,,,,,,,,,,
MAGNETITE,PRE_STATUS,,Pretest Magnetite status check,DIAGS,c26 read all,,,,,,,,,TRUE,TRUE,,,,,,,,,,,,
MAGNETITE,PRE_READ_BX_1V8_EN,,Read magnetite 1.8V enable.,DIAGS,socgpio --pin 95 --port 1 --read,,,,,,,,,TRUE,TRUE,,,,,,,,,,,,
MAGNETITE,PRE_READ_BX_1V8_EN,,Parse magnetite 1.8V enable.,PARSE,BX_1.8V_ENABLE,PRE_READ_MAGNETITE_1V8_EN,,,,,KEY,,,TRUE,TRUE,,,,,,,,,,,,
MAGNETITE,PRE_READ_BX_RESET_L,,Read magnetite reset_l,DIAGS,socgpio --pin 27 --port 0 --read,,,,,,,,,TRUE,TRUE,,,,,,,,,,,,
MAGNETITE,PRE_READ_BX_RESET_L,,Parse magnetite reset_l,PARSE,BX_RESET_l,PRE_READ_MAGNETITE_RESET_L,,,,,KEY,,,TRUE,TRUE,,,,,,,,,,,,
MAGNETITE,PRE_READ_VDD_OK,,Read VDD_OK,DIAGS,socgpio --pin 20 --port 0 --read,,,,,,,,,TRUE,TRUE,,,,,,,,,,,,
MAGNETITE,PRE_READ_VDD_OK,,Parse VDD_OK,PARSE,BX_VDD_OK,PRE_READ_VDD_OK,,,,,KEY,,,TRUE,TRUE,,,,,,,,,,,,
SCOPE,RUN_SCOPESHOT,,Check Scope Name,HOST_RUN,cd /vault/tmp/; python checkScope.py,,,,,,,40,,TRUE,TRUE,,,,,,,,,,,,
SCOPE,RUN_SCOPESHOT,,Parse Scope Name,PARSE,SCOPE_NAME,SCOPE_NAME,,SCOPE_NAME,,,ATTRIBUTE,,,TRUE,TRUE,,,,,,,,,,,,
SCOPE,RUN_SCOPESHOT,SCOPE_NAME==Keysight,Run Grape Coex Script,HOST_RUN,cd /vault/tmp/; python runScopeShot.py -n -r -q SrNm,,,,,,,40,,TRUE,TRUE,,,,,,,,,,,,
SCOPE,RUN_SCOPESHOT,SCOPE_NAME==Mix,Run Grape Coex Script,HOST_RUN,cd /vault/tmp/; python runScopeShot_forMix.py -n -q SrNm,,,,,,,40,,TRUE,TRUE,,,,,,,,,,,,
SCOPE,RUN_SCOPESHOT,,Parse MAX_MV_PP_1,PARSE,MAX_MV_PP_LOG,MAX_MV_PP_1,,,[25:870],mV,KEY,,,TRUE,TRUE,,,,,,,,,,,,
SCOPE,RUN_SCOPESHOT,,Grape Coex Data file,PARSE,DATAFILE_LOG,,,DATA_FILE_PATH,,,,,,TRUE,TRUE,,,,,,,,,,,,
SCOPE,RUN_SCOPESHOT,,Grape Coex Analyed file,PARSE,ANALYZEDFILE_LOG,,,ANALYZED_FILE_PATH,,,,,,TRUE,TRUE,,,,,,,,,,,,
SCOPE,RUN_SCOPESHOT,SCOPE_NAME==Mix,Parse FREQUENCY_1,PARSE,FREQUENCY,FREQUENCY_1,,,[321500:331500],Hz,KEY,,,TRUE,TRUE,,,,,,,,,,,,
MAGNETITE,UNMUTE_SERIALIZER,,Unmute Serializer,DIAGS,c26 write 0xF000000C 0x07000100;wait 50,,,,,,,,,TRUE,TRUE,,,,,,,,,,,,
MAGNETITE,POST_READ_BX_1V8_EN,,Read magnetite 1.8V enable.,DIAGS,socgpio --pin 95 --port 1 --read,,,,,,,,,TRUE,TRUE,,,,,,,,,,,,
MAGNETITE,POST_READ_BX_1V8_EN,,Parse magnetite 1.8V enable.,PARSE,BX_1.8V_ENABLE,POST_READ_MAGNETITE_1V8_EN,,,,,KEY,,,TRUE,TRUE,,,,,,,,,,,,
MAGNETITE,POST_READ_BX_RESET_L,,Read magnetite reset_l,DIAGS,socgpio --pin 27 --port 0 --read,,,,,,,,,TRUE,TRUE,,,,,,,,,,,,
MAGNETITE,POST_READ_BX_RESET_L,,Parse magnetite reset_l,PARSE,BX_RESET_l,POST_READ_MAGNETITE_RESET_L,,,,,KEY,,,TRUE,TRUE,,,,,,,,,,,,
MAGNETITE,POST_READ_VDD_OK,,Read VDD_OK,DIAGS,socgpio --pin 20 --port 0 --read,,,,,,,,,TRUE,TRUE,,,,,,,,,,,,
MAGNETITE,POST_READ_VDD_OK,,Parse VDD_OK,PARSE,BX_VDD_OK,POST_READ_VDD_OK,,,,,KEY,,,TRUE,TRUE,,,,,,,,,,,,
MAGNETITE,POST_STATUS,,Post test Magnetite status check,DIAGS,c26 get status; c26 get firmware_version; c26 get conn_state; c26 get vrect_high_res; c26 get vdd_main; c26 get vbat_sns; c26 get die_temp; c26 get irect; c26 get backpower; c26 read 0xF0000E14;c26 get vrect_low_res; c26 get dummy_load;,,,,,,,,,TRUE,TRUE,,,,,,,,,,,,
MAGNETITE,POST_STATUS,,Post test Magnetite status check,PARSE,CHARGER_IC_CONN_STATE,MAGNETITE_3POST_CONN_STATE,,,"""closed_loop_vrect_control""",,ATTRIBUTE,,,TRUE,TRUE,,,,,,,,,,,,
MAGNETITE,POST_STATUS,,Post test Magnetite status check,PARSE,CHARGER_IC_FIRMWARE_VERSION_ONLY,MAGNETITE_3POST_FW_VERSION,,,[TBD],,ATTRIBUTE,,,TRUE,TRUE,,,,,,,,,,,,
MAGNETITE,POST_STATUS,,Post test Magnetite status check,PARSE,CHARGER_IC_VBAT_SNS,MAGNETITE_3POST_VBAT_SNS,,,,mV,KEY,,,TRUE,TRUE,,,,,,,,,,,,
MAGNETITE,POST_STATUS,,Post test Magnetite status check,PARSE,CHARGER_IC_VRECT_HIGH_RES,MAGNETITE_3POST_VRECT_HIGH_RES,,,,mV,KEY,,,TRUE,TRUE,,,,,,,,,,,,
MAGNETITE,POST_STATUS,,Post test Magnetite status check,PARSE,CHARGER_IC_VDD_MAIN,MAGNETITE_3POST_VDDMAIN,,,,mV,KEY,,,TRUE,TRUE,,,,,,,,,,,,
MAGNETITE,POST_STATUS,,Post test Magnetite status check,PARSE,CHARGER_IC_DIE_TEMP,MAGNETITE_3POST_DIE_TEMP,,,"[5,100]",C,KEY,,,TRUE,TRUE,,,,,,,,,,,,
MAGNETITE,POST_STATUS,,Post test Magnetite status check,PARSE,CHARGER_IC_IRECT,MAGNETITE_3POST_IRECT,,,,mA,KEY,,,TRUE,TRUE,,,,,,,,,,,,
MAGNETITE,POST_STATUS,,Get Magnetite ILIMIT,DIAGS,c26 exec getadc 14,,,,,,,,,TRUE,TRUE,,,,,,,,,,,,
MAGNETITE,POST_STATUS,,Parse Magnetite ILIMIT,PARSE,ILIMIT,MAGNETITE_3POST_ILIMIT,,,,mA,KEY,,,TRUE,TRUE,,,,,,,,,,,,
MAGNETITE,POST_STATUS,,Get Magnetite ILOAD,DIAGS,c26 exec getadc 16,,,,,,,,,TRUE,TRUE,,,,,,,,,,,,
MAGNETITE,POST_STATUS,,Parse Magnetite ILOAD,PARSE,ILOAD,MAGNETITE_3POST_ILOAD,,,[0.100:0.130],mA,KEY,,,TRUE,TRUE,,,,,,,,,,,,
MAGNETITE,POST_DUMMY_LOAD_CHECK,,Post Magnetite read post dummy load.,DIAGS,c26 read 0xF0000E14,,,,,,,,,TRUE,TRUE,,,,,,,,,,,,
MAGNETITE,POST_DUMMY_LOAD_CHECK,,Parse post dummy load.,PARSE,BX_DUMMYLOAD,MAGNETITE_3POST_DUMMYLOAD,,,,,KEY,,,TRUE,TRUE,,,,,,,,,,,,
MAGNETITE,POST_STATUS,,Post test Magnetite status check,DIAGS,c26 read all,,,,,,,,,TRUE,TRUE,,,,,,,,,,,,
BATTERY,READ_BATT_PROP1,,Read Battery Properties,DIAGS,device -k gasgauge -p,,,,,,,,,TRUE,TRUE,,,,,,,,,,,,
POWER,POST_GG_READ,,Parse Gasgauge Temperature,PARSE,GG_TEMPERATURE,GG_3POST_TEMPERATURE,,,"[1,50]",C,KEY,,,TRUE,TRUE,,,,,,,,,,,,
POWER,POST_GG_READ,,Parse Gasgauge Voltage,PARSE,GG_VOLTAGE,GG_3POST_VOLTAGE,,,"[3500,4500]",mV,KEY,,,TRUE,TRUE,,,,,,,,,,,,
POWER,POST_GG_READ,,Parse Gasgauge Remaining Capacity,PARSE,GG_REMAINING_CAPACITY,GG_3POST_REMAINING_CAPACITY,,,[9.35:341],mAh,KEY,,,TRUE,TRUE,,,,,,,,,,,,
POWER,POST_GG_READ,,Parse Gasgauge Nominal Capacity,PARSE,GG_NOMINAL_CAPACITY,GG_3POST_NOMINAL_CAPACITY,,,,mAh,KEY,,,TRUE,TRUE,<rdar://problem/46269441> battery capacity/voltage limit change,,,,,,,,,,,
POWER,POST_GG_READ,,Parse Gasgauge Current,PARSE,GG_CURRENT,GG_3POST_CURRENT,,,[-100:0],mA,KEY,,,TRUE,TRUE,,,,,,,,,,,,
POWER,POST_GG_READ,,Parse Gasgauge Chage-Percentage,PARSE,GG_CHARGE_PERCENTAGE,GG_3POST_CHARGE_PERCENTAGE,,,"[5,99]",,KEY,,,TRUE,TRUE,,,,,,,,,,,,
PUCK,PUCK_INFO,,Read Puck info,HOST_RUN,cd /vault/tmp/; python b237Tool.py -info,,,,,,,20,,TRUE,TRUE,,,,,,,,,,,,
PUCK,PUCK_INFO,,Parse Puck info,PARSE,PUCK_STATEREG,PUCK_3POST_STATEREG,,,,,KEY,,,TRUE,TRUE,,,,,,,,,,,,
PUCK,PUCK_INFO,,Parse Puck info,PARSE,PUCK_DUTYCYCLE,PUCK_3POST_DUTY,,,,,KEY,,,TRUE,TRUE,,,,,,,,,,,,
PUCK,PUCK_INFO,,Parse Puck info,PARSE,PUCK_FREQ,PUCK_3POST_FREQ,,,,,KEY,,,TRUE,TRUE,,,,,,,,,,,,
PUCK,PUCK_INFO,,Parse Puck info,PARSE,PUCK_VBUS,PUCK_3POST_VBUS,,,,,KEY,,,TRUE,TRUE,,,,,,,,,,,,
PUCK,PUCK_INFO,,Parse Puck info,PARSE,PUCK_IMON,PUCK_3POST_IMON,,,,,KEY,,,TRUE,TRUE,,,,,,,,,,,,
PUCK,PUCK_INFO,,Parse Puck info,PARSE,PUCK_MCUTEMP,PUCK_3POST_MCUTEMP,,,,,KEY,,,TRUE,TRUE,,,,,,,,,,,,
POWER,BUBO_ON,,Turn on BUBO,DIAGS,pmuset --bubo --on; c26 set backpower false,,,,,,,,,TRUE,TRUE,,,,,,,,,,,,
PUCK,POST_PUCK_RESET,,Reset puck.,HOST_RUN,cd /vault/tmp/; python b237Tool.py -reset,,,,,,,20,,TRUE,TRUE,,,,,,,,,,,,
BATTERY,BATTERY_PROPERTIES,,Read Battery Max Discharge Current ,DIAGS,device -k GasGauge -e read_lifetime_max_dsg_c,,,,,,,,,TRUE,TRUE,,,,,,,,,,,,
BATTERY,BATTERY_PROPERTIES,,Parse Battery Max Discharge Current ,PARSE,BATTERY_DSG_CURRENT_MAX,BATTERY_DSG_CURRENT_MAX_END,,,[-1500:0],mA,KEY,,,TRUE,TRUE,,,,,,,,,,,,
BATTERY,BATTERY_PROPERTIES,,"Read Battery Min,Max Temperature",DIAGS,device -k gasgauge -e read_lifetime_temp_c min;device -k gasgauge -e read_lifetime_temp_c max,,,,,,,,,TRUE,TRUE,,,,,,,,,,,,
BATTERY,BATTERY_PROPERTIES,,Parse Battery Min Temperature,PARSE,BATTERY_TEMP_MIN,BATTERY_TEMP_MIN_END,,,[-10:],C,KEY,,,TRUE,FALSE,,,,,,,,,,,,
BATTERY,BATTERY_PROPERTIES,,Parse Battery Max Temperature,PARSE,BATTERY_TEMP_MAX,BATTERY_TEMP_MAX_END,,BATTERY_TEMP_MAX_END,[20:60],C,KEY,,,TRUE,FALSE,,,,,,,,,,,,
BATTERY,BATTERY_PROPERTIES,,"Read Battery Min,Max Voltage",DIAGS,device -k gasgauge -e read_lifetime_pack_v min;device -k gasgauge -e read_lifetime_pack_v max,,,,,,,,,TRUE,TRUE,,,,,,,,,,,,
BATTERY,BATTERY_PROPERTIES,,Parse Battery Min Voltage,PARSE,BATTERY_VOLTAGE_MIN,BATTERY_VOLTAGE_MIN_END,,,[2340:3910],mV,KEY,,,TRUE,TRUE,,,,,,,,,,,,
BATTERY,BATTERY_PROPERTIES,,Parse Battery Max Voltage,PARSE,BATTERY_VOLTAGE_MAX,BATTERY_VOLTAGE_MAX_END,,,[2345:4460],mV,KEY,,,TRUE,TRUE,<rdar://problem/46269441>,,,,,,,,,,,
BATTERY,BATTERY_PROPERTIES,,Read Battery Checksum,DIAGS,device -k Gasgauge -e test_checksum,,,,,,,,,TRUE,TRUE,,,,,,,,,,,,
BATTERY,BATTERY_PROPERTIES,,Parse Battery Checksum Result,PARSE,STATIC_CALCULATED_CHECKSUM,BATT_STATIC_CALCULATED_CHECKSUM,,,,,,,,TRUE,TRUE,,,,,,,,,,,,
BATTERY,BATTERY_PROPERTIES,,Parse Battery Checksum Result,PARSE,STATIC_STORED_CHECKSUM,BATT_STATIC_STORED_CHECKSUM,,,,,,,,TRUE,TRUE,,,,,,,,,,,,
BATTERY,BATTERY_PROPERTIES,,"Read Battery ToT, SOC Range 0-3",DIAGS,device -k gasgauge -e read_lifetime_operating_time;device -k gasgauge -e read_lifetime_time_at_high_soc 0;device -k gasgauge -e read_lifetime_time_at_high_soc 1;device -k gasgauge -e read_lifetime_time_at_high_soc 2;device -k gasgauge -e read_lifetime_time_at_high_soc 3;,,,,,,,,,TRUE,TRUE,,,,,,,,,,,,
BATTERY,BATTERY_PROPERTIES,,Parse Battery Total Operating Time,PARSE,BATTERY_TOT,BATTERY_TOT,,BATTERY_TOT,,Hours,KEY,,,TRUE,TRUE,,,,,,,,,,,,
BATTERY,BATTERY_PROPERTIES,,Parse Battery Time above SOC Range 0 0-25C,PARSE,BATTERY_TA_SOC_RANGE_0_PCT,BATTERY_TA_SOC_RANGE_0_PCT,,BATTERY_TA_SOC_RANGE_0_PCT,,Percent,KEY,,,TRUE,TRUE,,,,,,,,,,,,
BATTERY,BATTERY_PROPERTIES,,Parse Battery Time above SOC Range 1 25-35C,PARSE,BATTERY_TA_SOC_RANGE_1_PCT,BATTERY_TA_SOC_RANGE_1_PCT,,BATTERY_TA_SOC_RANGE_1_PCT,,Percent,KEY,,,TRUE,TRUE,,,,,,,,,,,,
BATTERY,BATTERY_PROPERTIES,,Parse Battery Time above SOC Range 2 35-40C,PARSE,BATTERY_TA_SOC_RANGE_2_PCT,BATTERY_TA_SOC_RANGE_2_PCT,,BATTERY_TA_SOC_RANGE_2_PCT,,Percent,KEY,,,TRUE,TRUE,,,,,,,,,,,,
BATTERY,BATTERY_PROPERTIES,,Parse Battery Time above SOC Range 3 >40C,PARSE,BATTERY_TA_SOC_RANGE_3_PCT,BATTERY_TA_SOC_RANGE_3_PCT,,BATTERY_TA_SOC_RANGE_3_PCT,,Percent,KEY,,,TRUE,TRUE,,,,,,,,,,,,
BATTERY,BATTERY_PROPERTIES,,Calc Battery Time above SOC Range 0 0-25C,CALCULATE,BATTERY_TOT*BATTERY_TA_SOC_RANGE_0_PCT*0.01,BATTERY_TA_SOC_RANGE_0_HRS,,,,Hours,KEY,,,TRUE,TRUE,,,,,,,,,,,,
BATTERY,BATTERY_PROPERTIES,,Calc Battery Time above SOC Range 1 25-35C,CALCULATE,BATTERY_TOT*BATTERY_TA_SOC_RANGE_1_PCT*0.01,BATTERY_TA_SOC_RANGE_1_HRS,,,,Hours,KEY,,,TRUE,TRUE,,,,,,,,,,,,
BATTERY,BATTERY_PROPERTIES,,Calc Battery Time above SOC Range 2 35-40C,CALCULATE,BATTERY_TOT*BATTERY_TA_SOC_RANGE_2_PCT*0.01,BATTERY_TA_SOC_RANGE_2_HRS,,,,Hours,KEY,,,TRUE,TRUE,,,,,,,,,,,,
BATTERY,BATTERY_PROPERTIES,,Calc Battery Time above SOC Range 3 >40C,CALCULATE,BATTERY_TOT*BATTERY_TA_SOC_RANGE_3_PCT*0.01,BATTERY_TA_SOC_RANGE_3_HRS,,,,Hours,KEY,,,TRUE,TRUE,,,,,,,,,,,,
BATTERY,BATTERY_PROPERTIES,,Read Battery Reset Cnt,DIAGS,device -k gasgauge -e read_lifetime_reset_count,,,,,,,,,TRUE,TRUE,,,,,,,,,,,,
BATTERY,BATTERY_PROPERTIES,,Parse Battery Lifetime reset cnt,PARSE,BATTERY_LIFETIME_RESET_CNT,BATTERY_LIFETIME_RESET_CNT,,,,,KEY,,,TRUE,TRUE,,,,,,,,,,,,
ALERT,ALERT_IMON_VMON_20Hz,,Audio reset - Alert power on,DIAGS,audio -r,,,,,,,,,TRUE,TRUE,Check with alert team difference between 20 and 1kHz testing.,,,,,,,,,,,
ALERT,ALERT_IMON_VMON_20Hz,,Get param for boost1 and boost2,DIAGS,audioparam --get --block codec --param boost_1_2_afsm,,,,,,,,,TRUE,FALSE,<rdar://problem/46784227> N131/N141/N144/N146: Add audioparam to set and get Ardmore Boost1/Boost2 AFSM,,,,,,,,,,,
ALERT,ALERT_IMON_VMON_20Hz,,Parse param for boost1 status,PARSE,BOOST1_AFSM,,,BOOST1_AFSM_1,,,,,,TRUE,FALSE,<rdar://problem/46784227> N131/N141/N144/N146: Add audioparam to set and get Ardmore Boost1/Boost2 AFSM,,,,,,,,,,,
ALERT,ALERT_IMON_VMON_20Hz,,Parse param for boost2 status,PARSE,BOOST2_AFSM,,,BOOST2_AFSM_1,,,,,,TRUE,FALSE,<rdar://problem/46784227> N131/N141/N144/N146: Add audioparam to set and get Ardmore Boost1/Boost2 AFSM,,,,,,,,,,,
ALERT,ALERT_IMON_VMON_20Hz,BOOST1_AFSM_1!=0x00 && BOOST1_AFSM_1!=0x00,Set param boost1 and boost2 as default,DIAGS,"audioparam --set --block codec --param boost_1_2_afsm --value ""reset""",,,,,,,,,TRUE,FALSE,<rdar://problem/46784227> N131/N141/N144/N146: Add audioparam to set and get Ardmore Boost1/Boost2 AFSM,,,,,,,,,,,
ALERT,ALERT_IMON_VMON_20Hz,BOOST1_AFSM_1!=0x00 && BOOST1_AFSM_1!=0x00,Get param for boost1 and boost2,DIAGS,audioparam --get --block codec --param boost_1_2_afsm,,,,,,,,,TRUE,FALSE,<rdar://problem/46784227> N131/N141/N144/N146: Add audioparam to set and get Ardmore Boost1/Boost2 AFSM,,,,,,,,,,,
ALERT,ALERT_IMON_VMON_20Hz,BOOST1_AFSM_1!=0x00 && BOOST1_AFSM_1!=0x00,Parse param for boost1 status,PARSE,BOOST1_AFSM,,,,0,,,,,TRUE,FALSE,<rdar://problem/46784227> N131/N141/N144/N146: Add audioparam to set and get Ardmore Boost1/Boost2 AFSM,,,,,,,,,,,
ALERT,ALERT_IMON_VMON_20Hz,BOOST1_AFSM_1!=0x00 && BOOST1_AFSM_1!=0x00,Parse param for boost2 status,PARSE,BOOST2_AFSM,,,,0,,,,,TRUE,FALSE,<rdar://problem/46784227> N131/N141/N144/N146: Add audioparam to set and get Ardmore Boost1/Boost2 AFSM,,,,,,,,,,,
ALERT,ALERT_IMON_VMON_20Hz,,Enable boost1 to the routeaudio,DIAGS,audioparam --block codec --set --param enable-boost1 --value true,,,,,,,,,TRUE,TRUE,,,,,,,,,,,,
ALERT,ALERT_IMON_VMON_20Hz,,Audio free all buffer,DIAGS,processaudio --freebufs all,,,,,,,,,TRUE,TRUE,,,,,,,,,,,,
ALERT,ALERT_IMON_VMON_20Hz,,Setup alert channel (1),DIAGS,audioparam -b socmca --set --param iface-mode --port ap-mca2 --value mca;audioparam --set --block codec --param enable-mon --value true,,,,,,,,,TRUE,TRUE,,,,,,,,,,,,
ALERT,ALERT_IMON_VMON_20Hz,,Setup alert channel (2),DIAGS,routeaudio --route --block codec --in amp2 --out amp2-out;setvol -b codec -n amp2-gain -v -7,,,,,,,,,TRUE,TRUE,,,,,,,,,,,,
ALERT,ALERT_IMON_VMON_20Hz,,Set alert drive and freq,DIAGS,loopaudio -b socmca --txport ap-mca2 --rxport ap-mca2 --len 1000 --freq 20 -d 16 -c 7,,,,,,,,,TRUE,TRUE,,,,,,,,,,,,
ALERT,ALERT_IMON_VMON_20Hz,,Process alert response,DIAGS,"processaudio -p fft -i looprx0 --options ""--windowType flat_top""",,,,,,,,,TRUE,TRUE,,,,,,,,,,,,
ALERT,ALERT_IMON_VMON_20Hz,,Parse VMON(CH2) Signal Magnitude,PARSE,CH2_PEAKMAG,ALERT_VMON_PK_MAG_ORI_20Hz,,ALERT_VMON_PK_MAG_ORI,,,KEY,,,TRUE,TRUE,,,,,,,,,,,,
ALERT,ALERT_IMON_VMON_20Hz,,Parse VMONCH2) Frequency,PARSE,ALERT_VMON_FREQ,ALERT_VMON_FREQ_20Hz,,,,HZ,KEY,,,TRUE,TRUE,,,,,,,,,,,,
ALERT,ALERT_IMON_VMON_20Hz,,Parse IMON(CH3) Signal Magnitude,PARSE,CH3_PEAKMAG,ALERT_IMON_PK_MAG_ORI_20Hz,,ALERT_IMON_PK_MAG_ORI,,,KEY,,,TRUE,TRUE,,,,,,,,,,,,
ALERT,ALERT_IMON_VMON_20Hz,,Parse IMON(CH3) Frequency,PARSE,ALERT_IMON_FREQ,ALERT_IMON_FREQ_20Hz,,,,HZ,KEY,,,TRUE,TRUE,,,,,,,,,,,,
ALERT,ALERT_IMON_VMON_20Hz,,PARSE CH2 DC Magnitude,PARSE,CH2_DC_MAG,ALERT_VMON_DC_MAG_ORI_20Hz,,ALERT_VMON_DC_MAG_ORI,,FS,KEY,,,TRUE,TRUE,,,,,,,,,,,,
ALERT,ALERT_IMON_VMON_20Hz,,PARSE CH2 THD+N,PARSE,CH2_THDN,ALERT_VMON_THDN_20Hz,,,,dB,KEY,,,TRUE,TRUE,,,,,,,,,,,,
ALERT,ALERT_IMON_VMON_20Hz,,PARSE CH3 DC Magnitude,PARSE,CH3_DC_MAG,ALERT_IMON_DC_MAG_ORI_20Hz,,ALERT_IMON_DC_MAG_ORI,,FS,KEY,,,TRUE,TRUE,,,,,,,,,,,,
ALERT,ALERT_IMON_VMON_20Hz,,PARSE CH3 THD+N,PARSE,CH3_THDN,ALERT_IMON_THDN_20Hz,,,,dB,KEY,,,TRUE,TRUE,,,,,,,,,,,,
ALERT,ALERT_IMON_VMON_20Hz,,Parse IMON(CH3) Signal Magnitude,CALCULATE,1.5*4.63867*ALERT_IMON_PK_MAG_ORI,ALERT_IMON_PK_MAG_20Hz,,ALERT_IMON_PK_MAG,,A,KEY,,,TRUE,TRUE,,,,,,,,,,,,
ALERT,ALERT_IMON_VMON_20Hz,,Parse VMON(CH2) Signal Magnitude,CALCULATE,11*4.63867*ALERT_VMON_PK_MAG_ORI,ALERT_VMON_PK_MAG_20Hz,,ALERT_VMON_PK_MAG,,V,KEY,,,TRUE,TRUE,,,,,,,,,,,,
ALERT,ALERT_IMON_VMON_20Hz,,Parse VMON(CH2) DC Magnitude,CALCULATE,11*4.63867*ALERT_VMON_DC_MAG_ORI,ALERT_VMON_DC_MAG_20Hz,,ALERT_VMON_DC_MAG,,V,KEY,,,TRUE,TRUE,,,,,,,,,,,,
ALERT,ALERT_IMON_VMON_20Hz,,Parse IMON(CH3) DC Magnitude,CALCULATE,1.5*4.63867*ALERT_IMON_DC_MAG_ORI,ALERT_IMON_DC_MAG_20Hz,,ALERT_IMON_DC_MAG,,I,KEY,,,TRUE,TRUE,,,,,,,,,,,,
ALERT,ALERT_IMON_VMON_20Hz,DUT_TYPE==N140,Parse Alert Sense Trace Impedance 20Hz,CALCULATE,(3.7752-ALERT_VMON_PK_MAG)/ALERT_IMON_PK_MAG,ALERT_TRACE_IMPEDANCE_20Hz,,ALERT_TRACE_IMPEDANCE,[0.2:1.125],,KEY,,,TRUE,TRUE,,,,,,,,,,,,
ALERT,ALERT_IMON_VMON_20Hz,DUT_TYPE==N142,Parse Alert Sense Trace Impedance 20Hz,CALCULATE,(3.7752-ALERT_VMON_PK_MAG)/ALERT_IMON_PK_MAG,ALERT_TRACE_IMPEDANCE_20Hz,,ALERT_TRACE_IMPEDANCE,[0.1:1.125],,KEY,,,TRUE,TRUE,,,,,,,,,,,,
ALERT,ALERT_IMON_VMON_20Hz,DUT_TYPE==B,Calculate Lg Impedance,CALCULATE,ALERT_VMON_PK_MAG/ALERT_IMON_PK_MAG,ALERT_IMPEDANCE_LG_20Hz,,,[8:20],Ohm,KEY,,,TRUE,TRUE,,,,,,,,,,,,
ALERT,ALERT_IMON_VMON_20Hz,DUT_TYPE==S,Calculate Sm Impedance,CALCULATE,ALERT_VMON_PK_MAG/ALERT_IMON_PK_MAG,ALERT_IMPEDANCE_SM_20Hz,,,[6:16],Ohm,KEY,,,TRUE,TRUE,,,,,,,,,,,,
ALERT,ALERT_IMON_VMON_20Hz,,Save alert response,DIAGS,processaudio -u looprx0 -w nandfs:\\AppleInternal\Diags\AudioTests\N140\qt1_alert_check.wav,,,,,,,,,TRUE,TRUE,,,,,,,,,,,,
ALERT,ALERT_IMON_VMON_20Hz,,Calculate hall x mean,DIAGS,"smokeyshell -e ""require 'torch'; wav = require 'WavFile'; audio = wav.read[[nandfs:\\AppleInternal\Diags\AudioTests\N140\qt1_alert_check.wav]]; print('Hall X mean: '..string.format('%.2f',audio[{{},5}]:double():mean()/32767*2048)..' counts')""",,,,,,,,,TRUE,TRUE,,,,,,,,,,,,
ALERT,ALERT_IMON_VMON_20Hz,DUT_TYPE==S,PARSE HALL(CH4) X Mean,PARSE,ALERT_HALL_X,ALERT_HALL_X_SM_20Hz,,ALERT_HALL_X,[-250:250],Counts,KEY,,,TRUE,TRUE,,,,,,,,,,,,
ALERT,ALERT_IMON_VMON_20Hz,DUT_TYPE==B,PARSE HALL(CH4) X Mean,PARSE,ALERT_HALL_X,ALERT_HALL_X_LG_20Hz,,ALERT_HALL_X,[-325:325],Counts,KEY,,,TRUE,TRUE,,,,,,,,,,,,
ALERT,ALERT_IMON_VMON_20Hz,,Calculate Hall Impedance,DIAGS,"smokeyshell -e ""require 'torch'; wav = require 'WavFile'; audio = wav.read[[nandfs:\\AppleInternal\Diags\AudioTests\N140\qt1_alert_check.wav]]; print('Hall resistance mean: '..string.format('%.2f',audio[{{},6}]:double():mean()/32767*1075)..' ohm')""",,,,,,,,,TRUE,TRUE,,,,,,,,,,,,
ALERT,ALERT_IMON_VMON_20Hz,,PARSE HALL Resistance,PARSE,ALERT_HALL_IMPEDANCE_ORI,ALERT_HALL_IMPEDANCE_20Hz,,,[600:900],Ohm,KEY,,,TRUE,TRUE,,,,,,,,,,,,
ALERT,ALERT_IMON_VMON_20Hz,,Process alert response,DIAGS,"processaudio -p remove-dc -i looprx0;processaudio -p fft -i process0 --options ""--windowType flat_top""",,,,,,,,,TRUE,TRUE,,,,,,,,,,,,
ALERT,ALERT_IMON_VMON_20Hz,,PARSE HALL(CH4) X Pk Magnitude,PARSE,ALERT_HALL_X_PK_MAG,ALERT_HALL_X_PK_MAG_ORI_20Hz,,ALERT_HALL_X_PK_MAG_ORI,,,KEY,,,TRUE,TRUE,,,,,,,,,,,,
ALERT,ALERT_IMON_VMON_20Hz,,PARSE HALL(CH4) X Pk Magnitude,CALCULATE,ALERT_HALL_X_PK_MAG_ORI*2048*4.63867,ALERT_HALL_X_PK_MAG_20Hz,,,[100:450],cts,KEY,,,TRUE,TRUE,,,,,,,,,,,,
ALERT,ALERT_IMON_VMON_20Hz,,PARSE HALL(CH4) X Freq,PARSE,ALERT_HALL_X_FREQ,ALERT_HALL_X_FREQ_20Hz,,,[15:25],Hz,KEY,,,TRUE,TRUE,,,,,,,,,,,,
ALERT,ALERT_IMON_VMON_20Hz,,Disable boost1 to the routeaudio,DIAGS,audioparam --block codec --set --param enable-boost1 --value false,,,,,,,,,TRUE,TRUE,,,,,,,,,,,,
ALERT,ALERT_IMON_VMON_20Hz,,Turn OFF General Modules (Codec),DIAGS,audio -r;audio --turnoff,,,,,,,,,TRUE,TRUE,,,,,,,,,,,,
ALERT - DATA DOE,ALERT_IMON_VMON_1000Hz,,Audio reset - Alert power on,DIAGS,audio -r,,,,,,,,,TRUE,TRUE,,,,,,,,,,,,
ALERT - DATA DOE,ALERT_IMON_VMON_20Hz,,Get param for boost1 and boost2,DIAGS,audioparam --get --block codec --param boost_1_2_afsm,,,,,,,,,TRUE,TRUE,<rdar://problem/46784227> N131/N141/N144/N146: Add audioparam to set and get Ardmore Boost1/Boost2 AFSM,,,,,,,,,,,
ALERT - DATA DOE,ALERT_IMON_VMON_20Hz,,Parse param for boost1 status,PARSE,BOOST1_AFSM,,,BOOST1_AFSM_1,,,,,,TRUE,TRUE,<rdar://problem/46784227> N131/N141/N144/N146: Add audioparam to set and get Ardmore Boost1/Boost2 AFSM,,,,,,,,,,,
ALERT - DATA DOE,ALERT_IMON_VMON_20Hz,,Parse param for boost2 status,PARSE,BOOST2_AFSM,,,BOOST2_AFSM_1,,,,,,TRUE,TRUE,<rdar://problem/46784227> N131/N141/N144/N146: Add audioparam to set and get Ardmore Boost1/Boost2 AFSM,,,,,,,,,,,
ALERT - DATA DOE,ALERT_IMON_VMON_20Hz,BOOST1_AFSM_1!=0x00 && BOOST1_AFSM_1!=0x00,Set param boost1 and boost2 as default,DIAGS,"audioparam --set --block codec --param boost_1_2_afsm --value ""reset""",,,,,,,,,TRUE,TRUE,<rdar://problem/46784227> N131/N141/N144/N146: Add audioparam to set and get Ardmore Boost1/Boost2 AFSM,,,,,,,,,,,
ALERT - DATA DOE,ALERT_IMON_VMON_20Hz,BOOST1_AFSM_1!=0x00 && BOOST1_AFSM_1!=0x00,Get param for boost1 and boost2,DIAGS,audioparam --get --block codec --param boost_1_2_afsm,,,,,,,,,TRUE,TRUE,<rdar://problem/46784227> N131/N141/N144/N146: Add audioparam to set and get Ardmore Boost1/Boost2 AFSM,,,,,,,,,,,
ALERT - DATA DOE,ALERT_IMON_VMON_20Hz,BOOST1_AFSM_1!=0x00 && BOOST1_AFSM_1!=0x00,Parse param for boost1 status,PARSE,BOOST1_AFSM,,,,,,,,,TRUE,TRUE,<rdar://problem/46784227> N131/N141/N144/N146: Add audioparam to set and get Ardmore Boost1/Boost2 AFSM,,,,,,,,,,,
ALERT - DATA DOE,ALERT_IMON_VMON_20Hz,BOOST1_AFSM_1!=0x00 && BOOST1_AFSM_1!=0x00,Parse param for boost2 status,PARSE,BOOST2_AFSM,,,,,,,,,TRUE,TRUE,<rdar://problem/46784227> N131/N141/N144/N146: Add audioparam to set and get Ardmore Boost1/Boost2 AFSM,,,,,,,,,,,
ALERT - DATA DOE,ALERT_IMON_VMON_1000Hz,,Enable boots1to the routeaudio,DIAGS,audioparam --block codec --set --param enable-boost1 --value true,,,,,,,,,TRUE,TRUE,,,,,,,,,,,,
ALERT - DATA DOE,ALERT_IMON_VMON_1000Hz,,Audio free all buffer,DIAGS,processaudio --freebufs all,,,,,,,,,TRUE,TRUE,,,,,,,,,,,,
ALERT - DATA DOE,ALERT_IMON_VMON_1000Hz,,Setup alert channel (1),DIAGS,audioparam -b socmca --set --param iface-mode --port ap-mca2 --value mca;audioparam --set --block codec --param enable-mon --value true,,,,,,,,,TRUE,TRUE,,,,,,,,,,,,
ALERT - DATA DOE,ALERT_IMON_VMON_1000Hz,,Setup alert channel (2),DIAGS,routeaudio --route --block codec --in amp2 --out amp2-out;setvol -b codec -n amp2-gain -v -7,,,,,,,,,TRUE,TRUE,,,,,,,,,,,,
ALERT - DATA DOE,ALERT_IMON_VMON_1000Hz,,Set alert drive and freq,DIAGS,loopaudio -b socmca --txport ap-mca2 --rxport ap-mca2 --len 1000 --freq 1000 -d 16 -c 7,,,,,,,,,TRUE,TRUE,,,,,,,,,,,,
ALERT - DATA DOE,ALERT_IMON_VMON_1000Hz,,save alert file,DIAGS,processaudio -u looprx0 -w qt_alert_check.wav,,,,,,,,,TRUE,TRUE,,,,,,,,,,,,
ALERT - DATA DOE,ALERT_IMON_VMON_1000Hz,,Process alert response,DIAGS,"processaudio -p fft -i looprx0 --options ""--windowType flat_top""",,,,,,,,,TRUE,TRUE,,,,,,,,,,,,
ALERT - DATA DOE,ALERT_IMON_VMON_1000Hz,,Parse VMON(CH2) Signal Magnitude,PARSE,CH2_PEAKMAG,ALERT_VMON_PK_MAG_ORI_1000Hz,,ALERT_VMON_PK_MAG_ORI,,,KEY,,,TRUE,TRUE,,,,,,,,,,,,
ALERT - DATA DOE,ALERT_IMON_VMON_1000Hz,,Parse VMONCH2) Frequency,PARSE,ALERT_VMON_FREQ,ALERT_VMON_FREQ_1000Hz,,,[900:1100],HZ,KEY,,,TRUE,TRUE,,,,,,,,,,,,
ALERT - DATA DOE,ALERT_IMON_VMON_1000Hz,,Parse IMON(CH3) Signal Magnitude,PARSE,CH3_PEAKMAG,ALERT_IMON_PK_MAG_ORI_1000Hz,,ALERT_IMON_PK_MAG_ORI,,,KEY,,,TRUE,TRUE,,,,,,,,,,,,
ALERT - DATA DOE,ALERT_IMON_VMON_1000Hz,,Parse IMON(CH3) Frequency,PARSE,ALERT_IMON_FREQ,ALERT_IMON_FREQ_1000Hz,,,[900:1100],HZ,KEY,,,TRUE,TRUE,,,,,,,,,,,,
ALERT - DATA DOE,ALERT_IMON_VMON_1000Hz,,PARSE CH2 DC Magnitude,PARSE,CH2_DC_MAG,ALERT_VMON_DC_MAG_ORI_1000Hz,,ALERT_VMON_DC_MAG_ORI,,FS,KEY,,,TRUE,TRUE,,,,,,,,,,,,
ALERT - DATA DOE,ALERT_IMON_VMON_1000Hz,,PARSE CH2 THD+N - Main,PARSE,CH2_THDN,ALERT_VMON_THDN_1000Hz,,,[-80:-53],dB,KEY,,,TRUE,TRUE,,,,,,,,,,,,
ALERT - DATA DOE,ALERT_IMON_VMON_1000Hz,,PARSE CH3 DC Magnitude,PARSE,CH3_DC_MAG,ALERT_IMON_DC_MAG_ORI_1000Hz,,ALERT_IMON_DC_MAG_ORI,,FS,KEY,,,TRUE,TRUE,,,,,,,,,,,,
ALERT - DATA DOE,ALERT_IMON_VMON_1000Hz,,PARSE CH3 THD+N - Main,PARSE,CH3_THDN,ALERT_IMON_THDN_1000Hz,,,[-80:-41],dB,KEY,,,TRUE,TRUE,,,,,,,,,,,,
ALERT - DATA DOE,ALERT_IMON_VMON_1000Hz,,Parse VMON(CH2) Signal Magnitude,CALCULATE,11*4.63867*ALERT_VMON_PK_MAG_ORI,ALERT_VMON_PK_MAG_1000Hz,,ALERT_VMON_PK_MAG,[3.0:5.0],V,KEY,,,TRUE,TRUE,,,,,,,,,,,,
ALERT - DATA DOE,ALERT_IMON_VMON_1000Hz,,Parse IMON(CH3) Signal Magnitude,CALCULATE,1.5*4.63867*ALERT_IMON_PK_MAG_ORI,ALERT_IMON_PK_MAG_1000Hz,,ALERT_IMON_PK_MAG,[0.2:0.5],A,KEY,,,TRUE,TRUE,,,,,,,,,,,,
ALERT - DATA DOE,ALERT_IMON_VMON_1000Hz,DUT_TYPE==N140,Parse Alert Sense Trace Impedance 1k,CALCULATE,(3.7752-ALERT_VMON_PK_MAG)/ALERT_IMON_PK_MAG,ALERT_TRACE_IMPEDANCE_1000Hz,,ALERT_TRACE_IMPEDANCE,[0.2:1.125],,KEY,,,TRUE,TRUE,,,,,,,,,,,,
ALERT - DATA DOE,ALERT_IMON_VMON_1000Hz,DUT_TYPE==N142,Parse Alert Sense Trace Impedance 1k,CALCULATE,(3.7752-ALERT_VMON_PK_MAG)/ALERT_IMON_PK_MAG,ALERT_TRACE_IMPEDANCE_1000Hz,,ALERT_TRACE_IMPEDANCE,[0.1:1.125],,KEY,,,TRUE,TRUE,,,,,,,,,,,,
ALERT - DATA DOE,ALERT_IMON_VMON_1000Hz,DUT_TYPE==B,Calculate Lg Impedance,CALCULATE,ALERT_VMON_PK_MAG/ALERT_IMON_PK_MAG,ALERT_IMPEDANCE_LG_1000Hz,,,,Ohm,KEY,,,TRUE,TRUE,,,,,,,,,,,,
ALERT - DATA DOE,ALERT_IMON_VMON_1000Hz,DUT_TYPE==S,Calculate Sm Impedance,CALCULATE,ALERT_VMON_PK_MAG/ALERT_IMON_PK_MAG,ALERT_IMPEDANCE_SM_1000Hz,,,,Ohm,KEY,,,TRUE,TRUE,,,,,,,,,,,,
ALERT - DATA DOE,ALERT_IMON_VMON_1000Hz,,Parse VMON(CH2) DC Magnitude - Main,CALCULATE,11*4.63867*ALERT_VMON_DC_MAG_ORI,ALERT_VMON_DC_MAG_1000Hz,,ALERT_VMON_DC_MAG,[-0.033:0.033],V,KEY,,,TRUE,TRUE,,,,,,,,,,,,
ALERT - DATA DOE,ALERT_IMON_VMON_1000Hz,,Parse IMON(CH3) DC Magnitude - Main,CALCULATE,1.5*4.63867*ALERT_IMON_DC_MAG_ORI,ALERT_IMON_DC_MAG_1000Hz,,ALERT_IMON_DC_MAG,[-0.012:0.012],I,KEY,,,TRUE,TRUE,,,,,,,,,,,,
ALERT - DATA DOE,ALERT_IMON_VMON_1000Hz,,Save alert response,DIAGS,processaudio -u looprx0 -w nandfs:\\AppleInternal\Diags\AudioTests\N140\qt1_alert_check.wav,,,,,,,,,TRUE,TRUE,,,,,,,,,,,,
ALERT - DATA DOE,ALERT_IMON_VMON_1000Hz,,Calculate hall x mean,DIAGS,"smokeyshell -e ""require 'torch'; wav = require 'WavFile'; audio = wav.read[[nandfs:\\AppleInternal\Diags\AudioTests\N140\qt1_alert_check.wav]]; print('Hall X mean: '..string.format('%.2f',audio[{{},5}]:double():mean()/32767*2048)..' counts')""",,,,,,,,,TRUE,TRUE,,,,,,,,,,,,
ALERT - DATA DOE,ALERT_IMON_VMON_1000Hz,DUT_TYPE==S,PARSE HALL(CH4) X Mean,PARSE,ALERT_HALL_X,ALERT_HALL_X_SM_1000Hz,,ALERT_HALL_X,,Counts,KEY,,,TRUE,TRUE,,,,,,,,,,,,
ALERT - DATA DOE,ALERT_IMON_VMON_1000Hz,DUT_TYPE==B,PARSE HALL(CH4) X Mean,PARSE,ALERT_HALL_X,ALERT_HALL_X_LG_1000Hz,,ALERT_HALL_X,,Counts,KEY,,,TRUE,TRUE,,,,,,,,,,,,
ALERT - DATA DOE,ALERT_IMON_VMON_1000Hz,,Calculate Hall Impedance,DIAGS,"smokeyshell -e ""require 'torch'; wav = require 'WavFile'; audio = wav.read[[nandfs:\\AppleInternal\Diags\AudioTests\N140\qt1_alert_check.wav]]; print('Hall resistance mean: '..string.format('%.2f',audio[{{},6}]:double():mean()/32767*1075)..' ohm')""",,,,,,,,,TRUE,TRUE,,,,,,,,,,,,
ALERT - DATA DOE,ALERT_IMON_VMON_1000Hz,,PARSE HALL Resistance,PARSE,ALERT_HALL_IMPEDANCE_ORI,ALERT_HALL_IMPEDANCE_1000Hz,,,,Ohm,KEY,,,TRUE,TRUE,,,,,,,,,,,,
ALERT - DATA DOE,ALERT_IMON_VMON_1000Hz,,Process alert response,DIAGS,"processaudio -p remove-dc -i looprx0; processaudio -p fft -i process0 --options ""--windowType flat_top""",,,,,,,,,TRUE,TRUE,,,,,,,,,,,,
ALERT - DATA DOE,ALERT_IMON_VMON_1000Hz,,PARSE HALL(CH4) X Pk Magnitude,PARSE,ALERT_HALL_X_PK_MAG,ALERT_HALL_X_PK_MAG_ORI_1000Hz,,ALERT_HALL_X_PK_MAG_ORI,,,,,,TRUE,TRUE,,,,,,,,,,,,
ALERT - DATA DOE,ALERT_IMON_VMON_1000Hz,,PARSE HALL(CH4) X Freq,PARSE,ALERT_HALL_X_FREQ,ALERT_HALL_X_FREQ_1000Hz,,,,HZ,KEY,,,TRUE,TRUE,,,,,,,,,,,,
ALERT - DATA DOE,ALERT_IMON_VMON_1000Hz,,PARSE HALL(CH4) X Pk Magnitude,CALCULATE,ALERT_HALL_X_PK_MAG_ORI*2048*4.63867,ALERT_HALL_X_PK_MAG_1000Hz,,,,Counts,KEY,,,TRUE,TRUE,,,,,,,,,,,,
ALERT - DATA DOE,ALERT_IMON_VMON_1000Hz,,Turn OFF General Modules (Codec),DIAGS,audio -r;audio --turnoff,,,,,,,,,TRUE,TRUE,,,,,,,,,,,,
BATTERY_CONN_DOE,DEBUG_POWER,,Disable Debug Power,DIAGS,pmugpio --pin 21 --pushpull --source vdd --output 1,,,,,,,,,TRUE,TRUE,,,,,,,,,,,,
BATTERY_CONN_DOE,MAGNETITE_TEST,,Reset Magnetite,DIAGS,socgpio --port 2 --pin 1 --output 0; socgpio --port 2 --pin 1 --input,,,,,,,,,TRUE,TRUE,,,,,,,,,,,,
BATTERY_CONN_DOE,MAGNETITE_TEST,,Magnetite FW,DIAGS,c26 fw,,,,,,,,,TRUE,TRUE,,,,,,,,,,,,
BATTERY_CONN_DOE,MAGNETITE_TEST,,"Set Magnetite in ""quiesce""",DIAGS,c26 write 0xF000000C 0x09000000; wait 500;,,,,,,,,,TRUE,TRUE,,,,,,,,,,,,
BATTERY_CONN_DOE,DEBUG_POWER,,Set Magnetite,DIAGS,c26 write 0xF0000900 0x0003014D; wait 500,,,,,,,,,TRUE,TRUE,,,,,,,,,,,,
BATTERY_CONN_DOE,MAGNETITE_TEST,,Set Magnetite VRECTCTRL1,DIAGS,c26 write 0xF0000E10 0x00700007; wait 500;,,,,,,,,,TRUE,TRUE,,,,,,,,,,,,
BATTERY_CONN_DOE,MAGNETITE_TEST,,Set Magnetite VRECTCTRL2 250mA dummy load,DIAGS,c26 write 0xF0000E14 0x80194303; wait 1000;,,,,,,,,,TRUE,TRUE,,,,,,,,,,,,
BATTERY_CONN_DOE,MAGNETITE_TEST,,Get ILOAD,DIAGS,c26 exec getadc 16,,,,,,,,,TRUE,TRUE,,,,,,,,,,,,
BATTERY_CONN_DOE,MAGNETITE_TEST,,Read TBAT ohm,DIAGS,pmuadc --read tbat,,,,,,,,,TRUE,TRUE,,,,,,,,,,,,
BATTERY_CONN_DOE,MAGNETITE_TEST,,Parse TBAT ohm,PARSE,PMU_TBAT,BATT_CONN_TBAT_OHM,,,,Ohm,KEY,,,TRUE,TRUE,,,,,,,,,,,,
BATTERY_CONN_DOE,MAGNETITE_TEST,,TBAT temperature read,DIAGS,temperature --all,,,,,,,,,TRUE,TRUE,,,,,,,,,,,,
BATTERY_CONN_DOE,MAGNETITE_TEST,,Parse TBAT,PARSE,PMU_TEMP_TBAT,BATT_CONN_TBAT_1,,BATT_CONN_TBAT_1,,,KEY,,,TRUE,TRUE,,,,,,,,,,,,
BATTERY_CONN_DOE,MAGNETITE_TEST,,Parse GG temperature,PARSE,T_GasGauge,BATT_CONN_GG_TEMP_1,,BATT_CONN_GG_TEMP_1,,,KEY,,,TRUE,TRUE,,,,,,,,,,,,
BATTERY_CONN_DOE,MAGNETITE_TEST,,Parse temperature delta,CALCULATE,BATT_CONN_GG_TEMP_1-BATT_CONN_TBAT_1,DELTA_BAT_TEMP,,,[-10:10],C,KEY,,,TRUE,TRUE,,,,,,,,,,,,
BATTERY_CONN_DOE,MAGNETITE_TEST,,Reset Magnetite,DIAGS,socgpio --port 2 --pin 1 --output 0; socgpio --port 2 --pin 1 --input,,,,,,,,,TRUE,TRUE,,,,,,,,,,,,
END_CB,END_CONTROLBIT,,Write Control Bit Information (station specific command),DIAGS,(station specific command),,,,,,,,,FALSE,FALSE,,,,,,,,,,,,
END_CB,END_CONTROLBIT,,Read Control Bit Information (station specific command),DIAGS,(station specific command),,,,,,,,,FALSE,FALSE,,,,,,,,,,,,
TEST_END,UNIT STANDBY,,Put unit into standby,NOPARSE,shutdown,,,,,,,,,TRUE,TRUE,,,,,,,,,,,,
TEST_END,TEST_END,,Test End,TEST_END,End test,,,,,,,,,TRUE,TRUE,,,,,,,,,,,,